kappa,Recycle_Rate
0.01,0.85
0.01,0.89
0.01,0.91
0.01,0.91
0.01,0.88
0.01,0.92
0.01,0.88
0.01,0.87
0.01,0.89
0.01,0.9
0.01,0.8
0.01,0.89
0.01,0.92
0.01,0.85
0.01,0.84
0.01,0.87
0.01,0.87
0.01,0.77
0.01,0.9
0.01,0.87
0.01,0.88
0.01,0.88
0.01,0.84
0.01,0.82
0.01,0.86
0.01,0.88
0.01,0.93
0.01,0.9
0.01,0.8
0.01,0.96
0.01,0.89
0.01,0.9
0.01,0.89
0.01,0.83
0.01,0.88
0.01,0.9
0.01,0.83
0.01,0.9
0.01,0.86
0.01,0.87
0.01,0.87
0.01,0.91
0.01,0.86
0.01,0.87
0.01,0.88
0.01,0.89
0.01,0.88
0.01,0.92
0.01,0.95
0.01,0.85
0.01,0.88
0.01,0.93
0.01,0.91
0.01,0.87
0.01,0.9
0.01,0.79
0.01,0.9
0.01,0.88
0.01,0.91
0.01,0.92
0.01,0.86
0.01,0.8
0.01,0.86
0.01,0.88
0.01,0.87
0.01,0.87
0.01,0.87
0.01,0.84
0.01,0.89
0.01,0.85
0.01,0.93
0.01,0.92
0.01,0.87
0.01,0.91
0.01,0.79
0.01,0.88
0.01,0.85
0.01,0.92
0.01,0.89
0.01,0.89
0.01,0.89
0.01,0.83
0.01,0.91
0.01,0.84
0.01,0.85
0.01,0.96
0.01,0.83
0.01,0.87
0.01,0.9
0.01,0.88
0.01,0.89
0.01,0.85
0.01,0.95
0.01,0.9
0.01,0.88
0.01,0.91
0.01,0.92
0.01,0.89
0.01,0.89
0.01,0.91
0.01,0.83
0.01,0.88
0.01,0.85
0.01,0.91
0.01,0.85
0.01,0.89
0.01,0.91
0.01,0.89
0.01,0.93
0.01,0.9
0.01,0.9
0.01,0.85
0.01,0.96
0.01,0.85
0.01,0.93
0.01,0.91
0.01,0.9
0.01,0.85
0.01,0.91
0.01,0.9
0.01,0.82
0.01,0.87
0.01,0.9
0.01,0.9
0.01,0.92
0.01,0.84
0.01,0.93
0.01,0.87
0.01,0.85
0.01,0.92
0.01,0.89
0.01,0.85
0.01,0.86
0.01,0.88
0.01,0.89
0.01,0.92
0.01,0.91
0.01,0.94
0.01,0.91
0.01,0.87
0.01,0.92
0.01,0.91
0.01,0.88
0.01,0.88
0.01,0.89
0.01,0.86
0.01,0.89
0.01,0.9
0.01,0.9
0.01,0.9
0.01,0.9
0.01,0.87
0.01,0.89
0.01,0.88
0.01,0.94
0.01,0.91
0.01,0.9
0.01,0.84
0.01,0.89
0.01,0.88
0.01,0.84
0.01,0.86
0.01,0.84
0.01,0.86
0.01,0.92
0.01,0.88
0.01,0.92
0.01,0.92
0.01,0.86
0.01,0.87
0.01,0.89
0.01,0.92
0.01,0.86
0.01,0.92
0.01,0.85
0.01,0.88
0.01,0.94
0.01,0.83
0.01,0.87
0.01,0.83
0.01,0.82
0.01,0.89
0.01,0.93
0.01,0.87
0.01,0.82
0.01,0.9
0.01,0.92
0.01,0.85
0.01,0.89
0.01,0.83
0.01,0.83
0.01,0.82
0.01,0.88
0.01,0.84
0.01,0.87
0.01,0.86
0.01,0.87
0.01,0.9
0.01,0.85
0.01,0.9
0.01,0.91
0.01,0.87
0.01,0.89
0.01,0.83
0.01,0.86
0.01,0.91
0.01,0.87
0.01,0.87
0.01,0.91
0.01,0.89
0.01,0.9
0.01,0.9
0.01,0.9
0.01,0.9
0.01,0.88
0.01,0.9
0.01,0.9
0.01,0.92
0.01,0.89
0.01,0.91
0.01,0.85
0.01,0.89
0.01,0.86
0.01,0.81
0.01,0.91
0.01,0.86
0.01,0.9
0.01,0.9
0.01,0.93
0.01,0.76
0.01,0.86
0.01,0.89
0.01,0.94
0.01,0.86
0.01,0.98
0.01,0.9
0.01,0.88
0.01,0.9
0.01,0.9
0.01,0.91
0.01,0.93
0.01,0.84
0.01,0.83
0.01,0.79
0.01,0.89
0.01,0.91
0.01,0.87
0.01,0.84
0.01,0.81
0.01,0.89
0.02,0.81
0.02,0.92
0.02,0.91
0.02,0.95
0.02,0.85
0.02,0.83
0.02,0.86
0.02,0.88
0.02,0.91
0.02,0.89
0.02,0.77
0.02,0.86
0.02,0.93
0.02,0.85
0.02,0.87
0.02,0.93
0.02,0.91
0.02,0.88
0.02,0.88
0.02,0.84
0.02,0.91
0.02,0.84
0.02,0.86
0.02,0.86
0.02,0.87
0.02,0.87
0.02,0.93
0.02,0.9
0.02,0.86
0.02,0.88
0.02,0.91
0.02,0.9
0.02,0.83
0.02,0.96
0.02,0.83
0.02,0.9
0.02,0.84
0.02,0.87
0.02,0.88
0.02,0.88
0.02,0.94
0.02,0.84
0.02,0.82
0.02,0.83
0.02,0.89
0.02,0.87
0.02,0.9
0.02,0.86
0.02,0.91
0.02,0.78
0.02,0.9
0.02,0.93
0.02,0.9
0.02,0.86
0.02,0.87
0.02,0.9
0.02,0.93
0.02,0.89
0.02,0.91
0.02,0.82
0.02,0.89
0.02,0.88
0.02,0.76
0.02,0.88
0.02,0.83
0.02,0.85
0.02,0.85
0.02,0.91
0.02,0.89
0.02,0.96
0.02,0.87
0.02,0.88
0.02,0.75
0.02,0.9
0.02,0.86
0.02,0.93
0.02,0.87
0.02,0.82
0.02,0.88
0.02,0.9
0.02,0.91
0.02,0.89
0.02,0.92
0.02,0.86
0.02,0.91
0.02,0.81
0.02,0.85
0.02,0.9
0.02,0.92
0.02,0.89
0.02,0.87
0.02,0.83
0.02,0.92
0.02,0.89
0.02,0.86
0.02,0.91
0.02,0.92
0.02,0.9
0.02,0.83
0.02,0.91
0.02,0.91
0.02,0.89
0.02,0.86
0.02,0.87
0.02,0.87
0.02,0.89
0.02,0.87
0.02,0.9
0.02,0.86
0.02,0.9
0.02,0.91
0.02,0.86
0.02,0.88
0.02,0.89
0.02,0.91
0.02,0.95
0.02,0.92
0.02,0.86
0.02,0.94
0.02,0.87
0.02,0.86
0.02,0.85
0.02,0.86
0.02,0.88
0.02,0.89
0.02,0.88
0.02,0.89
0.02,0.86
0.02,0.92
0.02,0.86
0.02,0.85
0.02,0.9
0.02,0.87
0.02,0.91
0.02,0.87
0.02,0.93
0.02,0.85
0.02,0.95
0.02,0.91
0.02,0.88
0.02,0.93
0.02,0.89
0.02,0.89
0.02,0.89
0.02,0.89
0.02,0.85
0.02,0.91
0.02,0.89
0.02,0.9
0.02,0.91
0.02,0.87
0.02,0.86
0.02,0.88
0.02,0.88
0.02,0.86
0.02,0.92
0.02,0.88
0.02,0.94
0.02,0.9
0.02,0.93
0.02,0.83
0.02,0.86
0.02,0.81
0.02,0.87
0.02,0.9
0.02,0.87
0.02,0.88
0.02,0.9
0.02,0.91
0.02,0.83
0.02,0.87
0.02,0.92
0.02,0.88
0.02,0.91
0.02,0.83
0.02,0.9
0.02,0.94
0.02,0.92
0.02,0.92
0.02,0.91
0.02,0.91
0.02,0.79
0.02,0.9
0.02,0.87
0.02,0.9
0.02,0.87
0.02,0.91
0.02,0.85
0.02,0.89
0.02,0.84
0.02,0.87
0.02,0.8
0.02,0.78
0.02,0.91
0.02,0.85
0.02,0.89
0.02,0.89
0.02,0.91
0.02,0.8
0.02,0.91
0.02,0.92
0.02,0.87
0.02,0.9
0.02,0.93
0.02,0.84
0.02,0.86
0.02,0.88
0.02,0.9
0.02,0.9
0.02,0.86
0.02,0.9
0.02,0.86
0.02,0.83
0.02,0.88
0.02,0.89
0.02,0.87
0.02,0.86
0.02,0.82
0.02,0.93
0.02,0.82
0.02,0.8
0.02,0.9
0.02,0.9
0.02,0.98
0.02,0.88
0.02,0.86
0.02,0.87
0.02,0.89
0.02,0.85
0.02,0.82
0.02,0.86
0.02,0.9
0.02,0.89
0.02,0.92
0.02,0.84
0.02,0.9
0.02,0.82
0.02,0.88
0.02,0.89
0.02,0.87
0.02,0.96
0.02,0.91
0.02,0.91
0.02,0.84
0.02,0.9
0.02,0.85
0.02,0.91
0.02,0.93
0.02,0.85
0.02,0.88
0.03,0.86
0.03,0.88
0.03,0.93
0.03,0.81
0.03,0.88
0.03,0.93
0.03,0.9
0.03,0.89
0.03,0.91
0.03,0.93
0.03,0.92
0.03,0.9
0.03,0.93
0.03,0.85
0.03,0.91
0.03,0.84
0.03,0.93
0.03,0.83
0.03,0.86
0.03,0.89
0.03,0.9
0.03,0.86
0.03,0.9
0.03,0.84
0.03,0.9
0.03,0.9
0.03,0.88
0.03,0.9
0.03,0.88
0.03,0.87
0.03,0.83
0.03,0.91
0.03,0.87
0.03,0.89
0.03,0.87
0.03,0.88
0.03,0.8
0.03,0.88
0.03,0.93
0.03,0.85
0.03,0.87
0.03,0.89
0.03,0.92
0.03,0.86
0.03,0.92
0.03,0.84
0.03,0.91
0.03,0.92
0.03,0.85
0.03,0.84
0.03,0.89
0.03,0.91
0.03,0.91
0.03,0.85
0.03,0.84
0.03,0.85
0.03,0.91
0.03,0.87
0.03,0.9
0.03,0.82
0.03,0.88
0.03,0.87
0.03,0.81
0.03,0.89
0.03,0.91
0.03,0.86
0.03,0.85
0.03,0.85
0.03,0.9
0.03,0.92
0.03,0.88
0.03,0.92
0.03,0.88
0.03,0.93
0.03,0.9
0.03,0.9
0.03,0.84
0.03,0.84
0.03,0.88
0.03,0.88
0.03,0.9
0.03,0.88
0.03,0.9
0.03,0.86
0.03,0.93
0.03,0.77
0.03,0.83
0.03,0.89
0.03,0.88
0.03,0.87
0.03,0.91
0.03,0.85
0.03,0.86
0.03,0.94
0.03,0.87
0.03,0.95
0.03,0.92
0.03,0.87
0.03,0.89
0.03,0.92
0.03,0.8
0.03,0.85
0.03,0.93
0.03,0.84
0.03,0.89
0.03,0.82
0.03,0.88
0.03,0.9
0.03,0.88
0.03,0.83
0.03,0.88
0.03,0.87
0.03,0.87
0.03,0.92
0.03,0.91
0.03,0.89
0.03,0.92
0.03,0.91
0.03,0.92
0.03,0.87
0.03,0.85
0.03,0.89
0.03,0.85
0.03,0.85
0.03,0.79
0.03,0.9
0.03,0.9
0.03,0.9
0.03,0.88
0.03,0.91
0.03,0.81
0.03,0.91
0.03,0.89
0.03,0.9
0.03,0.92
0.03,0.88
0.03,0.84
0.03,0.91
0.03,0.91
0.03,0.9
0.03,0.91
0.03,0.88
0.03,0.91
0.03,0.83
0.03,0.79
0.03,0.84
0.03,0.89
0.03,0.88
0.03,0.89
0.03,0.88
0.03,0.89
0.03,0.92
0.03,0.87
0.03,0.89
0.03,0.9
0.03,0.86
0.03,0.93
0.03,0.92
0.03,0.9
0.03,0.86
0.03,0.89
0.03,0.9
0.03,0.91
0.03,0.9
0.03,0.84
0.03,0.88
0.03,0.88
0.03,0.91
0.03,0.8
0.03,0.82
0.03,0.88
0.03,0.86
0.03,0.91
0.03,0.89
0.03,0.91
0.03,0.86
0.03,0.82
0.03,0.86
0.03,0.85
0.03,0.84
0.03,0.91
0.03,0.76
0.03,0.92
0.03,0.86
0.03,0.91
0.03,0.86
0.03,0.92
0.03,0.91
0.03,0.88
0.03,0.9
0.03,0.95
0.03,0.82
0.03,0.89
0.03,0.82
0.03,0.87
0.03,0.88
0.03,0.92
0.03,0.87
0.03,0.77
0.03,0.94
0.03,0.89
0.03,0.87
0.03,0.91
0.03,0.95
0.03,0.91
0.03,0.92
0.03,0.92
0.03,0.87
0.03,0.89
0.03,0.94
0.03,0.88
0.03,0.93
0.03,0.9
0.03,0.89
0.03,0.87
0.03,0.9
0.03,0.87
0.03,0.86
0.03,0.86
0.03,0.89
0.03,0.86
0.03,0.87
0.03,0.9
0.03,0.85
0.03,0.91
0.03,0.87
0.03,0.87
0.03,0.83
0.03,0.92
0.03,0.86
0.03,0.87
0.03,0.88
0.03,0.89
0.03,0.87
0.03,0.88
0.03,0.84
0.03,0.81
0.03,0.86
0.03,0.89
0.03,0.84
0.03,0.92
0.03,0.84
0.03,0.83
0.03,0.9
0.03,0.9
0.03,0.95
0.03,0.87
0.03,0.9
0.03,0.83
0.03,0.9
0.04,0.81
0.04,0.88
0.04,0.9
0.04,0.9
0.04,0.89
0.04,0.83
0.04,0.8
0.04,0.87
0.04,0.86
0.04,0.86
0.04,0.93
0.04,0.89
0.04,0.91
0.04,0.89
0.04,0.9
0.04,0.86
0.04,0.87
0.04,0.8
0.04,0.85
0.04,0.9
0.04,0.88
0.04,0.88
0.04,0.89
0.04,0.84
0.04,0.84
0.04,0.9
0.04,0.89
0.04,0.9
0.04,0.91
0.04,0.81
0.04,0.94
0.04,0.91
0.04,0.89
0.04,0.88
0.04,0.9
0.04,0.84
0.04,0.78
0.04,0.92
0.04,0.91
0.04,0.83
0.04,0.87
0.04,0.86
0.04,0.9
0.04,0.89
0.04,0.87
0.04,0.82
0.04,0.93
0.04,0.89
0.04,0.84
0.04,0.9
0.04,0.92
0.04,0.89
0.04,0.92
0.04,0.86
0.04,0.92
0.04,0.89
0.04,0.88
0.04,0.92
0.04,0.85
0.04,0.87
0.04,0.9
0.04,0.87
0.04,0.83
0.04,0.89
0.04,0.88
0.04,0.87
0.04,0.86
0.04,0.8
0.04,0.88
0.04,0.82
0.04,0.89
0.04,0.87
0.04,0.88
0.04,0.9
0.04,0.85
0.04,0.88
0.04,0.86
0.04,0.88
0.04,0.76
0.04,0.83
0.04,0.96
0.04,0.84
0.04,0.85
0.04,0.88
0.04,0.84
0.04,0.89
0.04,0.84
0.04,0.88
0.04,0.94
0.04,0.91
0.04,0.94
0.04,0.86
0.04,0.82
0.04,0.92
0.04,0.88
0.04,0.85
0.04,0.93
0.04,0.93
0.04,0.89
0.04,0.92
0.04,0.91
0.04,0.9
0.04,0.82
0.04,0.87
0.04,0.91
0.04,0.83
0.04,0.9
0.04,0.87
0.04,0.86
0.04,0.9
0.04,0.89
0.04,0.85
0.04,0.84
0.04,0.81
0.04,0.91
0.04,0.94
0.04,0.89
0.04,0.92
0.04,0.86
0.04,0.83
0.04,0.86
0.04,0.88
0.04,0.86
0.04,0.84
0.04,0.85
0.04,0.87
0.04,0.9
0.04,0.84
0.04,0.84
0.04,0.9
0.04,0.91
0.04,0.89
0.04,0.91
0.04,0.92
0.04,0.91
0.04,0.91
0.04,0.89
0.04,0.89
0.04,0.92
0.04,0.87
0.04,0.94
0.04,0.88
0.04,0.8
0.04,0.91
0.04,0.8
0.04,0.88
0.04,0.92
0.04,0.85
0.04,0.89
0.04,0.82
0.04,0.84
0.04,0.8
0.04,0.9
0.04,0.83
0.04,0.9
0.04,0.88
0.04,0.87
0.04,0.83
0.04,0.93
0.04,0.89
0.04,0.9
0.04,0.93
0.04,0.84
0.04,0.88
0.04,0.87
0.04,0.85
0.04,0.9
0.04,0.88
0.04,0.8
0.04,0.82
0.04,0.89
0.04,0.91
0.04,0.9
0.04,0.84
0.04,0.91
0.04,0.8
0.04,0.86
0.04,0.89
0.04,0.88
0.04,0.87
0.04,0.87
0.04,0.94
0.04,0.91
0.04,0.89
0.04,0.89
0.04,0.9
0.04,0.91
0.04,0.88
0.04,0.88
0.04,0.88
0.04,0.9
0.04,0.92
0.04,0.78
0.04,0.8
0.04,0.84
0.04,0.88
0.04,0.88
0.04,0.9
0.04,0.88
0.04,0.93
0.04,0.93
0.04,0.89
0.04,0.92
0.04,0.9
0.04,0.86
0.04,0.88
0.04,0.89
0.04,0.9
0.04,0.89
0.04,0.84
0.04,0.88
0.04,0.91
0.04,0.85
0.04,0.92
0.04,0.9
0.04,0.88
0.04,0.9
0.04,0.92
0.04,0.89
0.04,0.86
0.04,0.91
0.04,0.87
0.04,0.79
0.04,0.95
0.04,0.91
0.04,0.89
0.04,0.88
0.04,0.86
0.04,0.93
0.04,0.8
0.04,0.86
0.04,0.89
0.04,0.84
0.04,0.84
0.04,0.89
0.04,0.86
0.04,0.84
0.04,0.89
0.04,0.91
0.04,0.88
0.04,0.92
0.04,0.91
0.04,0.89
0.04,0.86
0.04,0.86
0.04,0.91
0.04,0.85
0.04,0.91
0.04,0.84
0.04,0.86
0.05,0.88
0.05,0.85
0.05,0.89
0.05,0.85
0.05,0.88
0.05,0.86
0.05,0.85
0.05,0.84
0.05,0.91
0.05,0.83
0.05,0.87
0.05,0.82
0.05,0.88
0.05,0.88
0.05,0.86
0.05,0.88
0.05,0.91
0.05,0.83
0.05,0.85
0.05,0.87
0.05,0.85
0.05,0.9
0.05,0.88
0.05,0.92
0.05,0.89
0.05,0.86
0.05,0.91
0.05,0.9
0.05,0.91
0.05,0.8
0.05,0.94
0.05,0.87
0.05,0.85
0.05,0.89
0.05,0.87
0.05,0.93
0.05,0.85
0.05,0.92
0.05,0.92
0.05,0.86
0.05,0.87
0.05,0.9
0.05,0.9
0.05,0.91
0.05,0.84
0.05,0.87
0.05,0.82
0.05,0.89
0.05,0.86
0.05,0.86
0.05,0.89
0.05,0.87
0.05,0.89
0.05,0.85
0.05,0.84
0.05,0.89
0.05,0.86
0.05,0.98
0.05,0.88
0.05,0.85
0.05,0.85
0.05,0.87
0.05,0.82
0.05,0.9
0.05,0.79
0.05,0.9
0.05,0.86
0.05,0.85
0.05,0.9
0.05,0.84
0.05,0.86
0.05,0.9
0.05,0.94
0.05,0.95
0.05,0.82
0.05,0.87
0.05,0.9
0.05,0.87
0.05,0.81
0.05,0.87
0.05,0.83
0.05,0.86
0.05,0.88
0.05,0.88
0.05,0.87
0.05,0.89
0.05,0.83
0.05,0.89
0.05,0.91
0.05,0.91
0.05,0.88
0.05,0.87
0.05,0.89
0.05,0.91
0.05,0.9
0.05,0.96
0.05,0.9
0.05,0.89
0.05,0.88
0.05,0.88
0.05,0.9
0.05,0.88
0.05,0.85
0.05,0.85
0.05,0.93
0.05,0.83
0.05,0.9
0.05,0.84
0.05,0.89
0.05,0.92
0.05,0.9
0.05,0.81
0.05,0.92
0.05,0.92
0.05,0.89
0.05,0.91
0.05,0.88
0.05,0.91
0.05,0.9
0.05,0.83
0.05,0.86
0.05,0.83
0.05,0.91
0.05,0.85
0.05,0.87
0.05,0.86
0.05,0.88
0.05,0.9
0.05,0.87
0.05,0.9
0.05,0.92
0.05,0.84
0.05,0.91
0.05,0.88
0.05,0.91
0.05,0.89
0.05,0.88
0.05,0.9
0.05,0.92
0.05,0.85
0.05,0.86
0.05,0.89
0.05,0.92
0.05,0.86
0.05,0.77
0.05,0.88
0.05,0.88
0.05,0.89
0.05,0.89
0.05,0.88
0.05,0.92
0.05,0.92
0.05,0.9
0.05,0.88
0.05,0.87
0.05,0.88
0.05,0.92
0.05,0.84
0.05,0.9
0.05,0.85
0.05,0.85
0.05,0.91
0.05,0.81
0.05,0.91
0.05,0.89
0.05,0.87
0.05,0.91
0.05,0.92
0.05,0.85
0.05,0.76
0.05,0.89
0.05,0.92
0.05,0.9
0.05,0.89
0.05,0.82
0.05,0.87
0.05,0.91
0.05,0.89
0.05,0.89
0.05,0.81
0.05,0.84
0.05,0.84
0.05,0.9
0.05,0.88
0.05,0.89
0.05,0.87
0.05,0.92
0.05,0.87
0.05,0.88
0.05,0.86
0.05,0.85
0.05,0.89
0.05,0.92
0.05,0.89
0.05,0.84
0.05,0.88
0.05,0.87
0.05,0.89
0.05,0.89
0.05,0.83
0.05,0.88
0.05,0.9
0.05,0.91
0.05,0.94
0.05,0.85
0.05,0.9
0.05,0.85
0.05,0.85
0.05,0.89
0.05,0.81
0.05,0.87
0.05,0.91
0.05,0.88
0.05,0.9
0.05,0.86
0.05,0.88
0.05,0.89
0.05,0.89
0.05,0.89
0.05,0.87
0.05,0.88
0.05,0.91
0.05,0.9
0.05,0.89
0.05,0.85
0.05,0.9
0.05,0.87
0.05,0.86
0.05,0.93
0.05,0.87
0.05,0.91
0.05,0.87
0.05,0.85
0.05,0.88
0.05,0.89
0.05,0.78
0.05,0.84
0.05,0.82
0.05,0.9
0.05,0.82
0.05,0.9
0.05,0.87
0.05,0.91
0.05,0.85
0.05,0.86
0.05,0.91
0.05,0.91
0.05,0.92
0.05,0.87
0.05,0.89
0.060000000000000005,0.9
0.060000000000000005,0.87
0.060000000000000005,0.87
0.060000000000000005,0.91
0.060000000000000005,0.86
0.060000000000000005,0.89
0.060000000000000005,0.91
0.060000000000000005,0.85
0.060000000000000005,0.89
0.060000000000000005,0.85
0.060000000000000005,0.91
0.060000000000000005,0.84
0.060000000000000005,0.86
0.060000000000000005,0.86
0.060000000000000005,0.93
0.060000000000000005,0.83
0.060000000000000005,0.9
0.060000000000000005,0.8
0.060000000000000005,0.82
0.060000000000000005,0.88
0.060000000000000005,0.91
0.060000000000000005,0.86
0.060000000000000005,0.88
0.060000000000000005,0.85
0.060000000000000005,0.85
0.060000000000000005,0.87
0.060000000000000005,0.9
0.060000000000000005,0.89
0.060000000000000005,0.88
0.060000000000000005,0.93
0.060000000000000005,0.9
0.060000000000000005,0.87
0.060000000000000005,0.85
0.060000000000000005,0.86
0.060000000000000005,0.88
0.060000000000000005,0.87
0.060000000000000005,0.8
0.060000000000000005,0.87
0.060000000000000005,0.91
0.060000000000000005,0.88
0.060000000000000005,0.9
0.060000000000000005,0.87
0.060000000000000005,0.91
0.060000000000000005,0.86
0.060000000000000005,0.83
0.060000000000000005,0.89
0.060000000000000005,0.9
0.060000000000000005,0.91
0.060000000000000005,0.85
0.060000000000000005,0.82
0.060000000000000005,0.9
0.060000000000000005,0.88
0.060000000000000005,0.9
0.060000000000000005,0.89
0.060000000000000005,0.84
0.060000000000000005,0.89
0.060000000000000005,0.87
0.060000000000000005,0.82
0.060000000000000005,0.87
0.060000000000000005,0.89
0.060000000000000005,0.87
0.060000000000000005,0.89
0.060000000000000005,0.9
0.060000000000000005,0.87
0.060000000000000005,0.87
0.060000000000000005,0.88
0.060000000000000005,0.89
0.060000000000000005,0.84
0.060000000000000005,0.85
0.060000000000000005,0.85
0.060000000000000005,0.91
0.060000000000000005,0.83
0.060000000000000005,0.88
0.060000000000000005,0.86
0.060000000000000005,0.85
0.060000000000000005,0.86
0.060000000000000005,0.86
0.060000000000000005,0.88
0.060000000000000005,0.81
0.060000000000000005,0.88
0.060000000000000005,0.88
0.060000000000000005,0.88
0.060000000000000005,0.91
0.060000000000000005,0.85
0.060000000000000005,0.89
0.060000000000000005,0.9
0.060000000000000005,0.82
0.060000000000000005,0.89
0.060000000000000005,0.9
0.060000000000000005,0.85
0.060000000000000005,0.89
0.060000000000000005,0.85
0.060000000000000005,0.86
0.060000000000000005,0.85
0.060000000000000005,0.9
0.060000000000000005,0.82
0.060000000000000005,0.88
0.060000000000000005,0.85
0.060000000000000005,0.85
0.060000000000000005,0.9
0.060000000000000005,0.78
0.060000000000000005,0.88
0.060000000000000005,0.79
0.060000000000000005,0.83
0.060000000000000005,0.93
0.060000000000000005,0.89
0.060000000000000005,0.92
0.060000000000000005,0.84
0.060000000000000005,0.86
0.060000000000000005,0.9
0.060000000000000005,0.9
0.060000000000000005,0.84
0.060000000000000005,0.92
0.060000000000000005,0.85
0.060000000000000005,0.88
0.060000000000000005,0.93
0.060000000000000005,0.9
0.060000000000000005,0.89
0.060000000000000005,0.91
0.060000000000000005,0.84
0.060000000000000005,0.88
0.060000000000000005,0.85
0.060000000000000005,0.85
0.060000000000000005,0.85
0.060000000000000005,0.92
0.060000000000000005,0.88
0.060000000000000005,0.89
0.060000000000000005,0.88
0.060000000000000005,0.91
0.060000000000000005,0.87
0.060000000000000005,0.9
0.060000000000000005,0.88
0.060000000000000005,0.91
0.060000000000000005,0.85
0.060000000000000005,0.89
0.060000000000000005,0.93
0.060000000000000005,0.87
0.060000000000000005,0.92
0.060000000000000005,0.9
0.060000000000000005,0.85
0.060000000000000005,0.87
0.060000000000000005,0.83
0.060000000000000005,0.88
0.060000000000000005,0.88
0.060000000000000005,0.87
0.060000000000000005,0.87
0.060000000000000005,0.88
0.060000000000000005,0.85
0.060000000000000005,0.91
0.060000000000000005,0.9
0.060000000000000005,0.84
0.060000000000000005,0.81
0.060000000000000005,0.88
0.060000000000000005,0.87
0.060000000000000005,0.92
0.060000000000000005,0.89
0.060000000000000005,0.89
0.060000000000000005,0.89
0.060000000000000005,0.9
0.060000000000000005,0.88
0.060000000000000005,0.87
0.060000000000000005,0.91
0.060000000000000005,0.86
0.060000000000000005,0.9
0.060000000000000005,0.87
0.060000000000000005,0.84
0.060000000000000005,0.94
0.060000000000000005,0.88
0.060000000000000005,0.86
0.060000000000000005,0.76
0.060000000000000005,0.89
0.060000000000000005,0.89
0.060000000000000005,0.88
0.060000000000000005,0.87
0.060000000000000005,0.82
0.060000000000000005,0.8
0.060000000000000005,0.88
0.060000000000000005,0.87
0.060000000000000005,0.93
0.060000000000000005,0.89
0.060000000000000005,0.9
0.060000000000000005,0.85
0.060000000000000005,0.85
0.060000000000000005,0.9
0.060000000000000005,0.9
0.060000000000000005,0.87
0.060000000000000005,0.87
0.060000000000000005,0.88
0.060000000000000005,0.87
0.060000000000000005,0.89
0.060000000000000005,0.94
0.060000000000000005,0.88
0.060000000000000005,0.89
0.060000000000000005,0.88
0.060000000000000005,0.82
0.060000000000000005,0.84
0.060000000000000005,0.87
0.060000000000000005,0.89
0.060000000000000005,0.85
0.060000000000000005,0.8
0.060000000000000005,0.92
0.060000000000000005,0.89
0.060000000000000005,0.94
0.060000000000000005,0.89
0.060000000000000005,0.82
0.060000000000000005,0.9
0.060000000000000005,0.89
0.060000000000000005,0.84
0.060000000000000005,0.89
0.060000000000000005,0.83
0.060000000000000005,0.89
0.060000000000000005,0.93
0.060000000000000005,0.87
0.060000000000000005,0.88
0.060000000000000005,0.89
0.060000000000000005,0.85
0.060000000000000005,0.87
0.060000000000000005,0.87
0.060000000000000005,0.89
0.060000000000000005,0.9
0.060000000000000005,0.89
0.060000000000000005,0.9
0.060000000000000005,0.89
0.060000000000000005,0.92
0.060000000000000005,0.89
0.060000000000000005,0.9
0.060000000000000005,0.8
0.060000000000000005,0.88
0.060000000000000005,0.81
0.060000000000000005,0.89
0.060000000000000005,0.86
0.060000000000000005,0.9
0.060000000000000005,0.87
0.060000000000000005,0.83
0.060000000000000005,0.9
0.060000000000000005,0.82
0.060000000000000005,0.83
0.060000000000000005,0.89
0.060000000000000005,0.89
0.060000000000000005,0.8
0.060000000000000005,0.88
0.060000000000000005,0.91
0.060000000000000005,0.83
0.060000000000000005,0.87
0.060000000000000005,0.84
0.060000000000000005,0.89
0.060000000000000005,0.92
0.060000000000000005,0.94
0.060000000000000005,0.89
0.060000000000000005,0.85
0.06999999999999999,0.85
0.06999999999999999,0.84
0.06999999999999999,0.86
0.06999999999999999,0.87
0.06999999999999999,0.89
0.06999999999999999,0.91
0.06999999999999999,0.85
0.06999999999999999,0.88
0.06999999999999999,0.87
0.06999999999999999,0.85
0.06999999999999999,0.86
0.06999999999999999,0.85
0.06999999999999999,0.9
0.06999999999999999,0.89
0.06999999999999999,0.89
0.06999999999999999,0.85
0.06999999999999999,0.91
0.06999999999999999,0.83
0.06999999999999999,0.86
0.06999999999999999,0.86
0.06999999999999999,0.89
0.06999999999999999,0.86
0.06999999999999999,0.92
0.06999999999999999,0.87
0.06999999999999999,0.81
0.06999999999999999,0.88
0.06999999999999999,0.91
0.06999999999999999,0.9
0.06999999999999999,0.87
0.06999999999999999,0.92
0.06999999999999999,0.88
0.06999999999999999,0.88
0.06999999999999999,0.85
0.06999999999999999,0.91
0.06999999999999999,0.88
0.06999999999999999,0.9
0.06999999999999999,0.75
0.06999999999999999,0.87
0.06999999999999999,0.89
0.06999999999999999,0.88
0.06999999999999999,0.92
0.06999999999999999,0.89
0.06999999999999999,0.85
0.06999999999999999,0.85
0.06999999999999999,0.88
0.06999999999999999,0.85
0.06999999999999999,0.79
0.06999999999999999,0.87
0.06999999999999999,0.91
0.06999999999999999,0.89
0.06999999999999999,0.9
0.06999999999999999,0.85
0.06999999999999999,0.85
0.06999999999999999,0.89
0.06999999999999999,0.89
0.06999999999999999,0.87
0.06999999999999999,0.88
0.06999999999999999,0.86
0.06999999999999999,0.89
0.06999999999999999,0.9
0.06999999999999999,0.86
0.06999999999999999,0.86
0.06999999999999999,0.9
0.06999999999999999,0.89
0.06999999999999999,0.87
0.06999999999999999,0.88
0.06999999999999999,0.87
0.06999999999999999,0.84
0.06999999999999999,0.92
0.06999999999999999,0.87
0.06999999999999999,0.85
0.06999999999999999,0.85
0.06999999999999999,0.87
0.06999999999999999,0.87
0.06999999999999999,0.86
0.06999999999999999,0.82
0.06999999999999999,0.91
0.06999999999999999,0.85
0.06999999999999999,0.81
0.06999999999999999,0.9
0.06999999999999999,0.84
0.06999999999999999,0.89
0.06999999999999999,0.84
0.06999999999999999,0.87
0.06999999999999999,0.89
0.06999999999999999,0.9
0.06999999999999999,0.88
0.06999999999999999,0.85
0.06999999999999999,0.85
0.06999999999999999,0.89
0.06999999999999999,0.9
0.06999999999999999,0.91
0.06999999999999999,0.94
0.06999999999999999,0.85
0.06999999999999999,0.78
0.06999999999999999,0.84
0.06999999999999999,0.85
0.06999999999999999,0.9
0.06999999999999999,0.84
0.06999999999999999,0.9
0.06999999999999999,0.85
0.06999999999999999,0.87
0.06999999999999999,0.83
0.06999999999999999,0.84
0.06999999999999999,0.91
0.06999999999999999,0.86
0.06999999999999999,0.89
0.06999999999999999,0.82
0.06999999999999999,0.85
0.06999999999999999,0.86
0.06999999999999999,0.86
0.06999999999999999,0.86
0.06999999999999999,0.96
0.06999999999999999,0.87
0.06999999999999999,0.91
0.06999999999999999,0.89
0.06999999999999999,0.91
0.06999999999999999,0.91
0.06999999999999999,0.91
0.06999999999999999,0.89
0.06999999999999999,0.82
0.06999999999999999,0.88
0.06999999999999999,0.82
0.06999999999999999,0.85
0.06999999999999999,0.89
0.06999999999999999,0.85
0.06999999999999999,0.91
0.06999999999999999,0.88
0.06999999999999999,0.9
0.06999999999999999,0.87
0.06999999999999999,0.88
0.06999999999999999,0.89
0.06999999999999999,0.88
0.06999999999999999,0.9
0.06999999999999999,0.87
0.06999999999999999,0.87
0.06999999999999999,0.86
0.06999999999999999,0.91
0.06999999999999999,0.91
0.06999999999999999,0.82
0.06999999999999999,0.87
0.06999999999999999,0.85
0.06999999999999999,0.94
0.06999999999999999,0.87
0.06999999999999999,0.88
0.06999999999999999,0.87
0.06999999999999999,0.86
0.06999999999999999,0.88
0.06999999999999999,0.88
0.06999999999999999,0.89
0.06999999999999999,0.89
0.06999999999999999,0.81
0.06999999999999999,0.91
0.06999999999999999,0.89
0.06999999999999999,0.93
0.06999999999999999,0.86
0.06999999999999999,0.84
0.06999999999999999,0.8
0.06999999999999999,0.85
0.06999999999999999,0.84
0.06999999999999999,0.86
0.06999999999999999,0.89
0.06999999999999999,0.86
0.06999999999999999,0.9
0.06999999999999999,0.89
0.06999999999999999,0.82
0.06999999999999999,0.91
0.06999999999999999,0.9
0.06999999999999999,0.85
0.06999999999999999,0.88
0.06999999999999999,0.89
0.06999999999999999,0.83
0.06999999999999999,0.87
0.06999999999999999,0.86
0.06999999999999999,0.85
0.06999999999999999,0.85
0.06999999999999999,0.89
0.06999999999999999,0.85
0.06999999999999999,0.87
0.06999999999999999,0.87
0.06999999999999999,0.87
0.06999999999999999,0.9
0.06999999999999999,0.86
0.06999999999999999,0.89
0.06999999999999999,0.88
0.06999999999999999,0.89
0.06999999999999999,0.87
0.06999999999999999,0.82
0.06999999999999999,0.88
0.06999999999999999,0.8
0.06999999999999999,0.86
0.06999999999999999,0.88
0.06999999999999999,0.89
0.06999999999999999,0.86
0.06999999999999999,0.87
0.06999999999999999,0.84
0.06999999999999999,0.87
0.06999999999999999,0.88
0.06999999999999999,0.86
0.06999999999999999,0.88
0.06999999999999999,0.81
0.06999999999999999,0.83
0.06999999999999999,0.93
0.06999999999999999,0.87
0.06999999999999999,0.9
0.06999999999999999,0.9
0.06999999999999999,0.86
0.06999999999999999,0.83
0.06999999999999999,0.87
0.06999999999999999,0.88
0.06999999999999999,0.88
0.06999999999999999,0.87
0.06999999999999999,0.89
0.06999999999999999,0.84
0.06999999999999999,0.88
0.06999999999999999,0.88
0.06999999999999999,0.88
0.06999999999999999,0.89
0.06999999999999999,0.9
0.06999999999999999,0.87
0.06999999999999999,0.87
0.06999999999999999,0.85
0.06999999999999999,0.9
0.06999999999999999,0.91
0.06999999999999999,0.87
0.06999999999999999,0.88
0.06999999999999999,0.88
0.06999999999999999,0.86
0.06999999999999999,0.85
0.06999999999999999,0.87
0.06999999999999999,0.87
0.06999999999999999,0.85
0.06999999999999999,0.91
0.06999999999999999,0.81
0.06999999999999999,0.88
0.06999999999999999,0.85
0.06999999999999999,0.86
0.06999999999999999,0.87
0.06999999999999999,0.91
0.06999999999999999,0.88
0.06999999999999999,0.88
0.06999999999999999,0.92
0.06999999999999999,0.9
0.06999999999999999,0.88
0.06999999999999999,0.86
0.06999999999999999,0.87
0.06999999999999999,0.88
0.06999999999999999,0.86
0.06999999999999999,0.88
0.06999999999999999,0.83
0.08,0.88
0.08,0.86
0.08,0.83
0.08,0.86
0.08,0.84
0.08,0.88
0.08,0.84
0.08,0.86
0.08,0.87
0.08,0.86
0.08,0.86
0.08,0.88
0.08,0.91
0.08,0.86
0.08,0.9
0.08,0.85
0.08,0.88
0.08,0.8
0.08,0.9
0.08,0.89
0.08,0.91
0.08,0.9
0.08,0.9
0.08,0.9
0.08,0.89
0.08,0.88
0.08,0.9
0.08,0.87
0.08,0.89
0.08,0.88
0.08,0.88
0.08,0.86
0.08,0.89
0.08,0.92
0.08,0.86
0.08,0.89
0.08,0.79
0.08,0.84
0.08,0.89
0.08,0.88
0.08,0.87
0.08,0.9
0.08,0.87
0.08,0.88
0.08,0.88
0.08,0.89
0.08,0.85
0.08,0.93
0.08,0.89
0.08,0.88
0.08,0.91
0.08,0.85
0.08,0.91
0.08,0.9
0.08,0.87
0.08,0.89
0.08,0.92
0.08,0.89
0.08,0.87
0.08,0.86
0.08,0.84
0.08,0.85
0.08,0.83
0.08,0.87
0.08,0.87
0.08,0.87
0.08,0.87
0.08,0.87
0.08,0.91
0.08,0.88
0.08,0.84
0.08,0.86
0.08,0.86
0.08,0.9
0.08,0.87
0.08,0.9
0.08,0.85
0.08,0.88
0.08,0.9
0.08,0.87
0.08,0.85
0.08,0.88
0.08,0.86
0.08,0.87
0.08,0.88
0.08,0.9
0.08,0.86
0.08,0.86
0.08,0.88
0.08,0.88
0.08,0.74
0.08,0.88
0.08,0.85
0.08,0.82
0.08,0.85
0.08,0.89
0.08,0.89
0.08,0.9
0.08,0.87
0.08,0.86
0.08,0.85
0.08,0.88
0.08,0.8
0.08,0.87
0.08,0.91
0.08,0.89
0.08,0.88
0.08,0.81
0.08,0.85
0.08,0.83
0.08,0.88
0.08,0.85
0.08,0.89
0.08,0.87
0.08,0.89
0.08,0.87
0.08,0.9
0.08,0.89
0.08,0.83
0.08,0.86
0.08,0.9
0.08,0.86
0.08,0.86
0.08,0.86
0.08,0.86
0.08,0.87
0.08,0.89
0.08,0.9
0.08,0.87
0.08,0.87
0.08,0.85
0.08,0.88
0.08,0.87
0.08,0.86
0.08,0.85
0.08,0.89
0.08,0.84
0.08,0.93
0.08,0.88
0.08,0.83
0.08,0.87
0.08,0.85
0.08,0.88
0.08,0.84
0.08,0.91
0.08,0.89
0.08,0.9
0.08,0.87
0.08,0.88
0.08,0.86
0.08,0.85
0.08,0.83
0.08,0.9
0.08,0.88
0.08,0.88
0.08,0.89
0.08,0.88
0.08,0.87
0.08,0.85
0.08,0.87
0.08,0.84
0.08,0.89
0.08,0.91
0.08,0.82
0.08,0.88
0.08,0.86
0.08,0.89
0.08,0.89
0.08,0.86
0.08,0.77
0.08,0.89
0.08,0.93
0.08,0.87
0.08,0.89
0.08,0.86
0.08,0.84
0.08,0.88
0.08,0.88
0.08,0.87
0.08,0.87
0.08,0.87
0.08,0.9
0.08,0.89
0.08,0.88
0.08,0.92
0.08,0.89
0.08,0.88
0.08,0.8
0.08,0.86
0.08,0.85
0.08,0.83
0.08,0.9
0.08,0.86
0.08,0.85
0.08,0.84
0.08,0.85
0.08,0.85
0.08,0.87
0.08,0.9
0.08,0.84
0.08,0.83
0.08,0.88
0.08,0.94
0.08,0.88
0.08,0.88
0.08,0.9
0.08,0.84
0.08,0.89
0.08,0.88
0.08,0.81
0.08,0.88
0.08,0.87
0.08,0.89
0.08,0.87
0.08,0.92
0.08,0.87
0.08,0.86
0.08,0.88
0.08,0.85
0.08,0.88
0.08,0.9
0.08,0.88
0.08,0.88
0.08,0.91
0.08,0.87
0.08,0.9
0.08,0.85
0.08,0.89
0.08,0.82
0.08,0.88
0.08,0.86
0.08,0.89
0.08,0.85
0.08,0.81
0.08,0.85
0.08,0.84
0.08,0.83
0.08,0.84
0.08,0.89
0.08,0.86
0.08,0.89
0.08,0.9
0.08,0.87
0.08,0.88
0.08,0.9
0.08,0.92
0.08,0.89
0.08,0.9
0.08,0.88
0.08,0.85
0.09,0.9
0.09,0.89
0.09,0.85
0.09,0.85
0.09,0.81
0.09,0.87
0.09,0.86
0.09,0.82
0.09,0.92
0.09,0.88
0.09,0.88
0.09,0.88
0.09,0.88
0.09,0.87
0.09,0.85
0.09,0.85
0.09,0.88
0.09,0.79
0.09,0.84
0.09,0.9
0.09,0.85
0.09,0.88
0.09,0.9
0.09,0.85
0.09,0.85
0.09,0.88
0.09,0.86
0.09,0.86
0.09,0.89
0.09,0.88
0.09,0.87
0.09,0.88
0.09,0.89
0.09,0.89
0.09,0.89
0.09,0.9
0.09,0.79
0.09,0.83
0.09,0.88
0.09,0.87
0.09,0.86
0.09,0.89
0.09,0.89
0.09,0.87
0.09,0.88
0.09,0.84
0.09,0.9
0.09,0.89
0.09,0.86
0.09,0.89
0.09,0.89
0.09,0.9
0.09,0.91
0.09,0.89
0.09,0.89
0.09,0.87
0.09,0.9
0.09,0.89
0.09,0.86
0.09,0.84
0.09,0.84
0.09,0.85
0.09,0.86
0.09,0.87
0.09,0.88
0.09,0.88
0.09,0.88
0.09,0.88
0.09,0.89
0.09,0.89
0.09,0.86
0.09,0.86
0.09,0.86
0.09,0.89
0.09,0.88
0.09,0.76
0.09,0.88
0.09,0.86
0.09,0.84
0.09,0.88
0.09,0.86
0.09,0.86
0.09,0.88
0.09,0.84
0.09,0.88
0.09,0.9
0.09,0.88
0.09,0.87
0.09,0.87
0.09,0.83
0.09,0.83
0.09,0.85
0.09,0.89
0.09,0.84
0.09,0.9
0.09,0.82
0.09,0.92
0.09,0.91
0.09,0.85
0.09,0.89
0.09,0.83
0.09,0.88
0.09,0.83
0.09,0.87
0.09,0.91
0.09,0.85
0.09,0.89
0.09,0.84
0.09,0.85
0.09,0.89
0.09,0.87
0.09,0.84
0.09,0.89
0.09,0.83
0.09,0.87
0.09,0.89
0.09,0.91
0.09,0.88
0.09,0.88
0.09,0.85
0.09,0.87
0.09,0.89
0.09,0.86
0.09,0.85
0.09,0.83
0.09,0.88
0.09,0.87
0.09,0.87
0.09,0.88
0.09,0.86
0.09,0.87
0.09,0.86
0.09,0.91
0.09,0.89
0.09,0.89
0.09,0.88
0.09,0.84
0.09,0.88
0.09,0.89
0.09,0.84
0.09,0.87
0.09,0.88
0.09,0.88
0.09,0.89
0.09,0.86
0.09,0.89
0.09,0.88
0.09,0.88
0.09,0.9
0.09,0.9
0.09,0.87
0.09,0.83
0.09,0.9
0.09,0.84
0.09,0.88
0.09,0.87
0.09,0.88
0.09,0.82
0.09,0.89
0.09,0.87
0.09,0.87
0.09,0.92
0.09,0.82
0.09,0.83
0.09,0.89
0.09,0.8
0.09,0.96
0.09,0.88
0.09,0.88
0.09,0.87
0.09,0.89
0.09,0.82
0.09,0.89
0.09,0.89
0.09,0.89
0.09,0.86
0.09,0.89
0.09,0.88
0.09,0.86
0.09,0.88
0.09,0.85
0.09,0.85
0.09,0.89
0.09,0.88
0.09,0.92
0.09,0.89
0.09,0.86
0.09,0.86
0.09,0.89
0.09,0.82
0.09,0.8
0.09,0.9
0.09,0.87
0.09,0.88
0.09,0.83
0.09,0.86
0.09,0.88
0.09,0.88
0.09,0.88
0.09,0.86
0.09,0.83
0.09,0.86
0.09,0.91
0.09,0.86
0.09,0.86
0.09,0.87
0.09,0.83
0.09,0.89
0.09,0.89
0.09,0.88
0.09,0.83
0.09,0.91
0.09,0.86
0.09,0.83
0.09,0.84
0.09,0.87
0.09,0.85
0.09,0.89
0.09,0.85
0.09,0.89
0.09,0.86
0.09,0.84
0.09,0.89
0.09,0.88
0.09,0.87
0.09,0.89
0.09,0.79
0.09,0.9
0.09,0.86
0.09,0.86
0.09,0.86
0.09,0.88
0.09,0.86
0.09,0.89
0.09,0.87
0.09,0.83
0.09,0.86
0.09,0.84
0.09,0.89
0.09,0.86
0.09,0.88
0.09,0.9
0.09,0.87
0.09,0.87
0.09,0.86
0.09,0.88
0.09,0.86
0.09,0.86
0.09,0.87
0.09,0.83
0.09999999999999999,0.87
0.09999999999999999,0.9
0.09999999999999999,0.82
0.09999999999999999,0.87
0.09999999999999999,0.86
0.09999999999999999,0.87
0.09999999999999999,0.86
0.09999999999999999,0.84
0.09999999999999999,0.85
0.09999999999999999,0.87
0.09999999999999999,0.88
0.09999999999999999,0.87
0.09999999999999999,0.88
0.09999999999999999,0.87
0.09999999999999999,0.89
0.09999999999999999,0.83
0.09999999999999999,0.87
0.09999999999999999,0.8
0.09999999999999999,0.85
0.09999999999999999,0.89
0.09999999999999999,0.81
0.09999999999999999,0.88
0.09999999999999999,0.88
0.09999999999999999,0.87
0.09999999999999999,0.86
0.09999999999999999,0.92
0.09999999999999999,0.87
0.09999999999999999,0.81
0.09999999999999999,0.87
0.09999999999999999,0.84
0.09999999999999999,0.87
0.09999999999999999,0.85
0.09999999999999999,0.86
0.09999999999999999,0.82
0.09999999999999999,0.88
0.09999999999999999,0.89
0.09999999999999999,0.79
0.09999999999999999,0.87
0.09999999999999999,0.85
0.09999999999999999,0.86
0.09999999999999999,0.9
0.09999999999999999,0.9
0.09999999999999999,0.9
0.09999999999999999,0.89
0.09999999999999999,0.87
0.09999999999999999,0.85
0.09999999999999999,0.87
0.09999999999999999,0.87
0.09999999999999999,0.9
0.09999999999999999,0.89
0.09999999999999999,0.89
0.09999999999999999,0.87
0.09999999999999999,0.84
0.09999999999999999,0.88
0.09999999999999999,0.88
0.09999999999999999,0.91
0.09999999999999999,0.9
0.09999999999999999,0.89
0.09999999999999999,0.86
0.09999999999999999,0.86
0.09999999999999999,0.85
0.09999999999999999,0.87
0.09999999999999999,0.85
0.09999999999999999,0.84
0.09999999999999999,0.85
0.09999999999999999,0.89
0.09999999999999999,0.88
0.09999999999999999,0.87
0.09999999999999999,0.89
0.09999999999999999,0.88
0.09999999999999999,0.91
0.09999999999999999,0.87
0.09999999999999999,0.84
0.09999999999999999,0.9
0.09999999999999999,0.83
0.09999999999999999,0.87
0.09999999999999999,0.9
0.09999999999999999,0.87
0.09999999999999999,0.88
0.09999999999999999,0.87
0.09999999999999999,0.86
0.09999999999999999,0.89
0.09999999999999999,0.88
0.09999999999999999,0.87
0.09999999999999999,0.87
0.09999999999999999,0.91
0.09999999999999999,0.87
0.09999999999999999,0.86
0.09999999999999999,0.85
0.09999999999999999,0.89
0.09999999999999999,0.86
0.09999999999999999,0.88
0.09999999999999999,0.88
0.09999999999999999,0.84
0.09999999999999999,0.86
0.09999999999999999,0.92
0.09999999999999999,0.86
0.09999999999999999,0.89
0.09999999999999999,0.86
0.09999999999999999,0.9
0.09999999999999999,0.89
0.09999999999999999,0.89
0.09999999999999999,0.84
0.09999999999999999,0.89
0.09999999999999999,0.89
0.09999999999999999,0.84
0.09999999999999999,0.89
0.09999999999999999,0.84
0.09999999999999999,0.87
0.09999999999999999,0.88
0.09999999999999999,0.88
0.09999999999999999,0.84
0.09999999999999999,0.88
0.09999999999999999,0.83
0.09999999999999999,0.86
0.09999999999999999,0.89
0.09999999999999999,0.88
0.09999999999999999,0.87
0.09999999999999999,0.88
0.09999999999999999,0.85
0.09999999999999999,0.87
0.09999999999999999,0.87
0.09999999999999999,0.82
0.09999999999999999,0.87
0.09999999999999999,0.88
0.09999999999999999,0.89
0.09999999999999999,0.88
0.09999999999999999,0.87
0.09999999999999999,0.85
0.09999999999999999,0.89
0.09999999999999999,0.85
0.09999999999999999,0.85
0.09999999999999999,0.89
0.09999999999999999,0.87
0.09999999999999999,0.9
0.09999999999999999,0.9
0.09999999999999999,0.85
0.09999999999999999,0.91
0.09999999999999999,0.87
0.09999999999999999,0.83
0.09999999999999999,0.87
0.09999999999999999,0.89
0.09999999999999999,0.88
0.09999999999999999,0.86
0.09999999999999999,0.87
0.09999999999999999,0.87
0.09999999999999999,0.9
0.09999999999999999,0.87
0.09999999999999999,0.9
0.09999999999999999,0.88
0.09999999999999999,0.84
0.09999999999999999,0.85
0.09999999999999999,0.86
0.09999999999999999,0.85
0.09999999999999999,0.83
0.09999999999999999,0.87
0.09999999999999999,0.86
0.09999999999999999,0.82
0.09999999999999999,0.89
0.09999999999999999,0.86
0.09999999999999999,0.88
0.09999999999999999,0.89
0.09999999999999999,0.92
0.09999999999999999,0.83
0.09999999999999999,0.87
0.09999999999999999,0.89
0.09999999999999999,0.91
0.09999999999999999,0.86
0.09999999999999999,0.87
0.09999999999999999,0.86
0.09999999999999999,0.91
0.09999999999999999,0.83
0.09999999999999999,0.88
0.09999999999999999,0.89
0.09999999999999999,0.9
0.09999999999999999,0.86
0.09999999999999999,0.86
0.09999999999999999,0.84
0.09999999999999999,0.88
0.09999999999999999,0.87
0.09999999999999999,0.86
0.09999999999999999,0.87
0.09999999999999999,0.89
0.09999999999999999,0.87
0.09999999999999999,0.89
0.09999999999999999,0.89
0.09999999999999999,0.89
0.09999999999999999,0.87
0.09999999999999999,0.85
0.09999999999999999,0.85
0.09999999999999999,0.88
0.09999999999999999,0.89
0.09999999999999999,0.87
0.09999999999999999,0.86
0.09999999999999999,0.87
0.09999999999999999,0.87
0.09999999999999999,0.88
0.09999999999999999,0.88
0.09999999999999999,0.89
0.09999999999999999,0.87
0.09999999999999999,0.82
0.09999999999999999,0.89
0.09999999999999999,0.9
0.09999999999999999,0.85
0.09999999999999999,0.82
0.09999999999999999,0.86
0.09999999999999999,0.86
0.09999999999999999,0.88
0.09999999999999999,0.87
0.09999999999999999,0.89
0.09999999999999999,0.9
0.09999999999999999,0.83
0.09999999999999999,0.89
0.09999999999999999,0.81
0.09999999999999999,0.89
0.09999999999999999,0.89
0.09999999999999999,0.88
0.09999999999999999,0.85
0.09999999999999999,0.91
0.09999999999999999,0.9
0.09999999999999999,0.87
0.09999999999999999,0.85
0.09999999999999999,0.89
0.09999999999999999,0.89
0.09999999999999999,0.85
0.09999999999999999,0.89
0.09999999999999999,0.82
0.09999999999999999,0.88
0.09999999999999999,0.88
0.09999999999999999,0.86
0.09999999999999999,0.84
0.09999999999999999,0.89
0.09999999999999999,0.86
0.09999999999999999,0.86
0.09999999999999999,0.86
0.09999999999999999,0.85
0.09999999999999999,0.81
0.09999999999999999,0.81
0.09999999999999999,0.81
0.09999999999999999,0.86
0.09999999999999999,0.88
0.09999999999999999,0.89
0.09999999999999999,0.88
0.09999999999999999,0.86
0.09999999999999999,0.85
0.09999999999999999,0.88
0.09999999999999999,0.88
0.09999999999999999,0.89
0.09999999999999999,0.87
0.09999999999999999,0.86
0.11,0.86
0.11,0.86
0.11,0.87
0.11,0.87
0.11,0.81
0.11,0.83
0.11,0.85
0.11,0.87
0.11,0.89
0.11,0.86
0.11,0.88
0.11,0.85
0.11,0.89
0.11,0.82
0.11,0.88
0.11,0.86
0.11,0.88
0.11,0.81
0.11,0.85
0.11,0.88
0.11,0.87
0.11,0.86
0.11,0.87
0.11,0.86
0.11,0.86
0.11,0.89
0.11,0.85
0.11,0.86
0.11,0.88
0.11,0.87
0.11,0.87
0.11,0.83
0.11,0.89
0.11,0.86
0.11,0.87
0.11,0.87
0.11,0.78
0.11,0.86
0.11,0.85
0.11,0.87
0.11,0.84
0.11,0.86
0.11,0.86
0.11,0.87
0.11,0.85
0.11,0.85
0.11,0.84
0.11,0.89
0.11,0.89
0.11,0.87
0.11,0.88
0.11,0.86
0.11,0.86
0.11,0.91
0.11,0.87
0.11,0.89
0.11,0.9
0.11,0.86
0.11,0.86
0.11,0.85
0.11,0.87
0.11,0.89
0.11,0.86
0.11,0.85
0.11,0.84
0.11,0.88
0.11,0.86
0.11,0.8
0.11,0.87
0.11,0.89
0.11,0.85
0.11,0.86
0.11,0.85
0.11,0.89
0.11,0.88
0.11,0.84
0.11,0.85
0.11,0.82
0.11,0.8
0.11,0.87
0.11,0.86
0.11,0.87
0.11,0.9
0.11,0.84
0.11,0.87
0.11,0.88
0.11,0.86
0.11,0.84
0.11,0.87
0.11,0.88
0.11,0.79
0.11,0.85
0.11,0.88
0.11,0.83
0.11,0.86
0.11,0.91
0.11,0.86
0.11,0.87
0.11,0.85
0.11,0.9
0.11,0.82
0.11,0.9
0.11,0.86
0.11,0.86
0.11,0.83
0.11,0.86
0.11,0.9
0.11,0.89
0.11,0.88
0.11,0.86
0.11,0.87
0.11,0.85
0.11,0.89
0.11,0.81
0.11,0.88
0.11,0.88
0.11,0.89
0.11,0.88
0.11,0.91
0.11,0.88
0.11,0.87
0.11,0.85
0.11,0.84
0.11,0.89
0.11,0.84
0.11,0.88
0.11,0.86
0.11,0.88
0.11,0.89
0.11,0.86
0.11,0.85
0.11,0.85
0.11,0.86
0.11,0.87
0.11,0.87
0.11,0.87
0.11,0.84
0.11,0.88
0.11,0.85
0.11,0.83
0.11,0.87
0.11,0.89
0.11,0.89
0.11,0.87
0.11,0.89
0.11,0.88
0.11,0.9
0.11,0.88
0.11,0.91
0.11,0.9
0.11,0.88
0.11,0.87
0.11,0.91
0.11,0.87
0.11,0.88
0.11,0.88
0.11,0.87
0.11,0.89
0.11,0.89
0.11,0.89
0.11,0.88
0.11,0.9
0.11,0.86
0.11,0.86
0.11,0.88
0.11,0.9
0.11,0.85
0.11,0.86
0.11,0.88
0.11,0.88
0.11,0.89
0.11,0.9
0.11,0.88
0.11,0.89
0.11,0.85
0.11,0.86
0.11,0.86
0.11,0.87
0.11,0.86
0.11,0.88
0.11,0.83
0.11,0.87
0.11,0.83
0.11,0.88
0.11,0.86
0.11,0.88
0.11,0.87
0.11,0.88
0.11,0.86
0.11,0.86
0.11,0.87
0.11,0.91
0.11,0.86
0.11,0.85
0.11,0.85
0.11,0.87
0.11,0.87
0.11,0.87
0.11,0.88
0.11,0.86
0.11,0.79
0.11,0.87
0.11,0.89
0.11,0.84
0.11,0.88
0.11,0.9
0.11,0.88
0.11,0.87
0.11,0.87
0.11,0.86
0.11,0.89
0.11,0.91
0.11,0.89
0.11,0.83
0.11,0.88
0.11,0.89
0.11,0.89
0.11,0.85
0.11,0.88
0.11,0.88
0.11,0.86
0.11,0.87
0.11,0.91
0.11,0.9
0.11,0.84
0.11,0.9
0.11,0.86
0.11,0.86
0.11,0.87
0.11,0.87
0.11,0.83
0.11,0.87
0.11,0.86
0.11,0.83
0.11,0.86
0.11,0.86
0.11,0.77
0.11,0.82
0.11,0.84
0.11,0.83
0.11,0.87
0.11,0.87
0.11,0.88
0.11,0.85
0.11,0.85
0.11,0.86
0.11,0.88
0.11,0.91
0.11,0.89
0.11,0.8
0.12,0.86
0.12,0.84
0.12,0.84
0.12,0.86
0.12,0.82
0.12,0.86
0.12,0.86
0.12,0.89
0.12,0.85
0.12,0.84
0.12,0.88
0.12,0.85
0.12,0.88
0.12,0.84
0.12,0.89
0.12,0.86
0.12,0.86
0.12,0.84
0.12,0.86
0.12,0.86
0.12,0.81
0.12,0.86
0.12,0.86
0.12,0.87
0.12,0.84
0.12,0.88
0.12,0.87
0.12,0.9
0.12,0.88
0.12,0.86
0.12,0.88
0.12,0.88
0.12,0.86
0.12,0.85
0.12,0.87
0.12,0.88
0.12,0.83
0.12,0.89
0.12,0.89
0.12,0.86
0.12,0.9
0.12,0.88
0.12,0.89
0.12,0.9
0.12,0.87
0.12,0.87
0.12,0.88
0.12,0.88
0.12,0.9
0.12,0.88
0.12,0.87
0.12,0.87
0.12,0.86
0.12,0.89
0.12,0.88
0.12,0.86
0.12,0.91
0.12,0.88
0.12,0.88
0.12,0.87
0.12,0.84
0.12,0.88
0.12,0.85
0.12,0.88
0.12,0.86
0.12,0.88
0.12,0.86
0.12,0.88
0.12,0.88
0.12,0.89
0.12,0.89
0.12,0.89
0.12,0.86
0.12,0.9
0.12,0.86
0.12,0.86
0.12,0.87
0.12,0.88
0.12,0.79
0.12,0.88
0.12,0.83
0.12,0.88
0.12,0.9
0.12,0.87
0.12,0.87
0.12,0.89
0.12,0.87
0.12,0.85
0.12,0.86
0.12,0.88
0.12,0.83
0.12,0.86
0.12,0.88
0.12,0.81
0.12,0.85
0.12,0.87
0.12,0.88
0.12,0.85
0.12,0.84
0.12,0.89
0.12,0.82
0.12,0.88
0.12,0.85
0.12,0.89
0.12,0.85
0.12,0.87
0.12,0.89
0.12,0.87
0.12,0.87
0.12,0.87
0.12,0.86
0.12,0.84
0.12,0.86
0.12,0.85
0.12,0.85
0.12,0.86
0.12,0.91
0.12,0.84
0.12,0.87
0.12,0.87
0.12,0.87
0.12,0.83
0.12,0.86
0.12,0.88
0.12,0.88
0.12,0.87
0.12,0.85
0.12,0.81
0.12,0.89
0.12,0.86
0.12,0.87
0.12,0.86
0.12,0.83
0.12,0.86
0.12,0.86
0.12,0.88
0.12,0.85
0.12,0.89
0.12,0.85
0.12,0.83
0.12,0.9
0.12,0.88
0.12,0.93
0.12,0.86
0.12,0.88
0.12,0.87
0.12,0.88
0.12,0.87
0.12,0.9
0.12,0.89
0.12,0.88
0.12,0.89
0.12,0.87
0.12,0.87
0.12,0.94
0.12,0.88
0.12,0.86
0.12,0.84
0.12,0.89
0.12,0.87
0.12,0.88
0.12,0.9
0.12,0.84
0.12,0.87
0.12,0.88
0.12,0.85
0.12,0.86
0.12,0.9
0.12,0.88
0.12,0.87
0.12,0.88
0.12,0.88
0.12,0.89
0.12,0.89
0.12,0.81
0.12,0.83
0.12,0.89
0.12,0.87
0.12,0.88
0.12,0.85
0.12,0.86
0.12,0.89
0.12,0.84
0.12,0.85
0.12,0.88
0.12,0.89
0.12,0.88
0.12,0.88
0.12,0.83
0.12,0.84
0.12,0.88
0.12,0.84
0.12,0.85
0.12,0.86
0.12,0.85
0.12,0.86
0.12,0.87
0.12,0.86
0.12,0.89
0.12,0.87
0.12,0.88
0.12,0.86
0.12,0.87
0.12,0.89
0.12,0.83
0.12,0.85
0.12,0.84
0.12,0.86
0.12,0.86
0.12,0.87
0.12,0.87
0.12,0.9
0.12,0.88
0.12,0.84
0.12,0.88
0.12,0.87
0.12,0.88
0.12,0.87
0.12,0.86
0.12,0.87
0.12,0.88
0.12,0.85
0.12,0.9
0.12,0.86
0.12,0.85
0.12,0.89
0.12,0.82
0.12,0.88
0.12,0.87
0.12,0.87
0.12,0.86
0.12,0.87
0.12,0.86
0.12,0.85
0.12,0.86
0.12,0.86
0.12,0.86
0.12,0.81
0.12,0.85
0.12,0.84
0.12,0.84
0.12,0.88
0.12,0.86
0.12,0.84
0.12,0.84
0.12,0.92
0.12,0.86
0.12,0.91
0.12,0.88
0.12,0.86
0.13,0.85
0.13,0.86
0.13,0.87
0.13,0.85
0.13,0.85
0.13,0.85
0.13,0.85
0.13,0.85
0.13,0.86
0.13,0.85
0.13,0.87
0.13,0.86
0.13,0.87
0.13,0.84
0.13,0.9
0.13,0.86
0.13,0.85
0.13,0.85
0.13,0.86
0.13,0.91
0.13,0.8
0.13,0.88
0.13,0.87
0.13,0.87
0.13,0.85
0.13,0.87
0.13,0.88
0.13,0.86
0.13,0.87
0.13,0.88
0.13,0.89
0.13,0.87
0.13,0.83
0.13,0.86
0.13,0.87
0.13,0.86
0.13,0.8
0.13,0.83
0.13,0.83
0.13,0.87
0.13,0.9
0.13,0.88
0.13,0.87
0.13,0.88
0.13,0.84
0.13,0.84
0.13,0.85
0.13,0.88
0.13,0.91
0.13,0.86
0.13,0.87
0.13,0.88
0.13,0.9
0.13,0.88
0.13,0.87
0.13,0.9
0.13,0.89
0.13,0.88
0.13,0.87
0.13,0.86
0.13,0.87
0.13,0.86
0.13,0.85
0.13,0.87
0.13,0.86
0.13,0.87
0.13,0.86
0.13,0.8
0.13,0.89
0.13,0.88
0.13,0.86
0.13,0.88
0.13,0.87
0.13,0.86
0.13,0.89
0.13,0.86
0.13,0.86
0.13,0.87
0.13,0.81
0.13,0.88
0.13,0.86
0.13,0.85
0.13,0.89
0.13,0.87
0.13,0.85
0.13,0.83
0.13,0.85
0.13,0.89
0.13,0.83
0.13,0.87
0.13,0.82
0.13,0.9
0.13,0.87
0.13,0.85
0.13,0.86
0.13,0.86
0.13,0.88
0.13,0.89
0.13,0.84
0.13,0.84
0.13,0.83
0.13,0.88
0.13,0.85
0.13,0.87
0.13,0.85
0.13,0.83
0.13,0.84
0.13,0.87
0.13,0.87
0.13,0.85
0.13,0.88
0.13,0.86
0.13,0.86
0.13,0.84
0.13,0.88
0.13,0.87
0.13,0.9
0.13,0.88
0.13,0.88
0.13,0.87
0.13,0.86
0.13,0.88
0.13,0.83
0.13,0.89
0.13,0.86
0.13,0.87
0.13,0.86
0.13,0.85
0.13,0.82
0.13,0.84
0.13,0.85
0.13,0.85
0.13,0.89
0.13,0.85
0.13,0.82
0.13,0.88
0.13,0.83
0.13,0.89
0.13,0.85
0.13,0.85
0.13,0.9
0.13,0.89
0.13,0.88
0.13,0.86
0.13,0.87
0.13,0.87
0.13,0.87
0.13,0.85
0.13,0.86
0.13,0.86
0.13,0.83
0.13,0.87
0.13,0.87
0.13,0.88
0.13,0.85
0.13,0.87
0.13,0.84
0.13,0.83
0.13,0.88
0.13,0.86
0.13,0.89
0.13,0.87
0.13,0.86
0.13,0.85
0.13,0.87
0.13,0.92
0.13,0.87
0.13,0.9
0.13,0.86
0.13,0.82
0.13,0.88
0.13,0.84
0.13,0.89
0.13,0.86
0.13,0.87
0.13,0.88
0.13,0.87
0.13,0.86
0.13,0.87
0.13,0.86
0.13,0.88
0.13,0.86
0.13,0.85
0.13,0.86
0.13,0.86
0.13,0.88
0.13,0.86
0.13,0.88
0.13,0.85
0.13,0.84
0.13,0.88
0.13,0.86
0.13,0.81
0.13,0.83
0.13,0.83
0.13,0.87
0.13,0.87
0.13,0.85
0.13,0.87
0.13,0.86
0.13,0.86
0.13,0.86
0.13,0.84
0.13,0.86
0.13,0.83
0.13,0.89
0.13,0.85
0.13,0.87
0.13,0.85
0.13,0.87
0.13,0.89
0.13,0.87
0.13,0.87
0.13,0.85
0.13,0.88
0.13,0.87
0.13,0.87
0.13,0.83
0.13,0.81
0.13,0.88
0.13,0.86
0.13,0.84
0.13,0.9
0.13,0.9
0.13,0.83
0.13,0.88
0.13,0.84
0.13,0.88
0.13,0.86
0.13,0.86
0.13,0.87
0.13,0.88
0.13,0.83
0.13,0.8
0.13,0.85
0.13,0.85
0.13,0.83
0.13,0.85
0.13,0.85
0.13,0.83
0.13,0.85
0.13,0.9
0.13,0.87
0.13,0.86
0.13,0.89
0.13,0.84
0.13,0.86
0.13,0.89
0.13,0.88
0.13,0.8
0.14,0.85
0.14,0.86
0.14,0.82
0.14,0.86
0.14,0.85
0.14,0.85
0.14,0.83
0.14,0.88
0.14,0.87
0.14,0.84
0.14,0.87
0.14,0.86
0.14,0.9
0.14,0.83
0.14,0.89
0.14,0.85
0.14,0.86
0.14,0.85
0.14,0.87
0.14,0.86
0.14,0.87
0.14,0.88
0.14,0.86
0.14,0.87
0.14,0.85
0.14,0.84
0.14,0.88
0.14,0.89
0.14,0.87
0.14,0.87
0.14,0.87
0.14,0.86
0.14,0.86
0.14,0.86
0.14,0.86
0.14,0.85
0.14,0.85
0.14,0.84
0.14,0.86
0.14,0.85
0.14,0.84
0.14,0.89
0.14,0.87
0.14,0.85
0.14,0.88
0.14,0.86
0.14,0.83
0.14,0.88
0.14,0.87
0.14,0.88
0.14,0.87
0.14,0.87
0.14,0.87
0.14,0.88
0.14,0.87
0.14,0.87
0.14,0.86
0.14,0.88
0.14,0.85
0.14,0.85
0.14,0.86
0.14,0.85
0.14,0.87
0.14,0.84
0.14,0.84
0.14,0.86
0.14,0.85
0.14,0.81
0.14,0.89
0.14,0.85
0.14,0.87
0.14,0.88
0.14,0.85
0.14,0.88
0.14,0.88
0.14,0.86
0.14,0.87
0.14,0.87
0.14,0.87
0.14,0.84
0.14,0.87
0.14,0.88
0.14,0.88
0.14,0.86
0.14,0.86
0.14,0.84
0.14,0.85
0.14,0.83
0.14,0.83
0.14,0.86
0.14,0.84
0.14,0.88
0.14,0.87
0.14,0.91
0.14,0.88
0.14,0.86
0.14,0.86
0.14,0.88
0.14,0.84
0.14,0.87
0.14,0.83
0.14,0.88
0.14,0.84
0.14,0.86
0.14,0.86
0.14,0.87
0.14,0.86
0.14,0.88
0.14,0.86
0.14,0.86
0.14,0.84
0.14,0.82
0.14,0.82
0.14,0.79
0.14,0.88
0.14,0.84
0.14,0.88
0.14,0.85
0.14,0.89
0.14,0.89
0.14,0.87
0.14,0.83
0.14,0.85
0.14,0.88
0.14,0.85
0.14,0.87
0.14,0.86
0.14,0.87
0.14,0.84
0.14,0.87
0.14,0.85
0.14,0.85
0.14,0.91
0.14,0.86
0.14,0.84
0.14,0.86
0.14,0.84
0.14,0.89
0.14,0.85
0.14,0.85
0.14,0.84
0.14,0.86
0.14,0.85
0.14,0.87
0.14,0.86
0.14,0.85
0.14,0.88
0.14,0.85
0.14,0.85
0.14,0.88
0.14,0.85
0.14,0.86
0.14,0.91
0.14,0.87
0.14,0.86
0.14,0.87
0.14,0.84
0.14,0.85
0.14,0.87
0.14,0.87
0.14,0.89
0.14,0.86
0.14,0.84
0.14,0.85
0.14,0.88
0.14,0.85
0.14,0.88
0.14,0.87
0.14,0.85
0.14,0.87
0.14,0.85
0.14,0.84
0.14,0.89
0.14,0.87
0.14,0.84
0.14,0.88
0.14,0.88
0.14,0.86
0.14,0.83
0.14,0.86
0.14,0.87
0.14,0.88
0.14,0.87
0.14,0.85
0.14,0.86
0.14,0.87
0.14,0.87
0.14,0.87
0.14,0.85
0.14,0.85
0.14,0.88
0.14,0.85
0.14,0.84
0.14,0.84
0.14,0.84
0.14,0.86
0.14,0.88
0.14,0.84
0.14,0.87
0.14,0.85
0.14,0.89
0.14,0.86
0.14,0.87
0.14,0.85
0.14,0.83
0.14,0.92
0.14,0.84
0.14,0.86
0.14,0.85
0.14,0.86
0.14,0.88
0.14,0.89
0.14,0.86
0.14,0.85
0.14,0.89
0.14,0.9
0.14,0.9
0.14,0.85
0.14,0.84
0.14,0.84
0.14,0.88
0.14,0.85
0.14,0.88
0.14,0.86
0.14,0.83
0.14,0.89
0.14,0.82
0.14,0.86
0.14,0.86
0.14,0.87
0.14,0.87
0.14,0.87
0.14,0.84
0.14,0.83
0.14,0.84
0.14,0.85
0.14,0.84
0.14,0.85
0.14,0.84
0.14,0.86
0.14,0.86
0.14,0.87
0.14,0.87
0.14,0.85
0.14,0.87
0.14,0.88
0.14,0.86
0.14,0.87
0.14,0.88
0.14,0.84
0.15000000000000002,0.84
0.15000000000000002,0.86
0.15000000000000002,0.87
0.15000000000000002,0.86
0.15000000000000002,0.85
0.15000000000000002,0.83
0.15000000000000002,0.85
0.15000000000000002,0.86
0.15000000000000002,0.86
0.15000000000000002,0.86
0.15000000000000002,0.87
0.15000000000000002,0.87
0.15000000000000002,0.84
0.15000000000000002,0.85
0.15000000000000002,0.89
0.15000000000000002,0.85
0.15000000000000002,0.85
0.15000000000000002,0.81
0.15000000000000002,0.86
0.15000000000000002,0.87
0.15000000000000002,0.88
0.15000000000000002,0.88
0.15000000000000002,0.85
0.15000000000000002,0.86
0.15000000000000002,0.85
0.15000000000000002,0.84
0.15000000000000002,0.86
0.15000000000000002,0.88
0.15000000000000002,0.87
0.15000000000000002,0.84
0.15000000000000002,0.87
0.15000000000000002,0.86
0.15000000000000002,0.87
0.15000000000000002,0.89
0.15000000000000002,0.86
0.15000000000000002,0.86
0.15000000000000002,0.86
0.15000000000000002,0.85
0.15000000000000002,0.83
0.15000000000000002,0.85
0.15000000000000002,0.83
0.15000000000000002,0.89
0.15000000000000002,0.84
0.15000000000000002,0.84
0.15000000000000002,0.86
0.15000000000000002,0.85
0.15000000000000002,0.85
0.15000000000000002,0.88
0.15000000000000002,0.86
0.15000000000000002,0.88
0.15000000000000002,0.88
0.15000000000000002,0.87
0.15000000000000002,0.87
0.15000000000000002,0.83
0.15000000000000002,0.87
0.15000000000000002,0.86
0.15000000000000002,0.86
0.15000000000000002,0.88
0.15000000000000002,0.86
0.15000000000000002,0.86
0.15000000000000002,0.87
0.15000000000000002,0.85
0.15000000000000002,0.86
0.15000000000000002,0.85
0.15000000000000002,0.84
0.15000000000000002,0.85
0.15000000000000002,0.88
0.15000000000000002,0.84
0.15000000000000002,0.89
0.15000000000000002,0.88
0.15000000000000002,0.86
0.15000000000000002,0.83
0.15000000000000002,0.85
0.15000000000000002,0.87
0.15000000000000002,0.88
0.15000000000000002,0.85
0.15000000000000002,0.88
0.15000000000000002,0.83
0.15000000000000002,0.87
0.15000000000000002,0.85
0.15000000000000002,0.82
0.15000000000000002,0.85
0.15000000000000002,0.86
0.15000000000000002,0.86
0.15000000000000002,0.85
0.15000000000000002,0.81
0.15000000000000002,0.85
0.15000000000000002,0.85
0.15000000000000002,0.85
0.15000000000000002,0.85
0.15000000000000002,0.86
0.15000000000000002,0.9
0.15000000000000002,0.86
0.15000000000000002,0.82
0.15000000000000002,0.85
0.15000000000000002,0.86
0.15000000000000002,0.86
0.15000000000000002,0.89
0.15000000000000002,0.84
0.15000000000000002,0.85
0.15000000000000002,0.82
0.15000000000000002,0.87
0.15000000000000002,0.86
0.15000000000000002,0.85
0.15000000000000002,0.86
0.15000000000000002,0.86
0.15000000000000002,0.86
0.15000000000000002,0.88
0.15000000000000002,0.85
0.15000000000000002,0.88
0.15000000000000002,0.85
0.15000000000000002,0.84
0.15000000000000002,0.86
0.15000000000000002,0.86
0.15000000000000002,0.81
0.15000000000000002,0.83
0.15000000000000002,0.88
0.15000000000000002,0.88
0.15000000000000002,0.86
0.15000000000000002,0.89
0.15000000000000002,0.85
0.15000000000000002,0.88
0.15000000000000002,0.82
0.15000000000000002,0.88
0.15000000000000002,0.85
0.15000000000000002,0.84
0.15000000000000002,0.86
0.15000000000000002,0.86
0.15000000000000002,0.87
0.15000000000000002,0.84
0.15000000000000002,0.85
0.15000000000000002,0.86
0.15000000000000002,0.9
0.15000000000000002,0.85
0.15000000000000002,0.84
0.15000000000000002,0.89
0.15000000000000002,0.82
0.15000000000000002,0.88
0.15000000000000002,0.88
0.15000000000000002,0.83
0.15000000000000002,0.88
0.15000000000000002,0.86
0.15000000000000002,0.86
0.15000000000000002,0.87
0.15000000000000002,0.87
0.15000000000000002,0.86
0.15000000000000002,0.86
0.15000000000000002,0.85
0.15000000000000002,0.89
0.15000000000000002,0.85
0.15000000000000002,0.89
0.15000000000000002,0.86
0.15000000000000002,0.86
0.15000000000000002,0.86
0.15000000000000002,0.83
0.15000000000000002,0.87
0.15000000000000002,0.85
0.15000000000000002,0.86
0.15000000000000002,0.86
0.15000000000000002,0.85
0.15000000000000002,0.89
0.15000000000000002,0.87
0.15000000000000002,0.87
0.15000000000000002,0.84
0.15000000000000002,0.86
0.15000000000000002,0.89
0.15000000000000002,0.82
0.15000000000000002,0.89
0.15000000000000002,0.82
0.15000000000000002,0.89
0.15000000000000002,0.83
0.15000000000000002,0.86
0.15000000000000002,0.86
0.15000000000000002,0.86
0.15000000000000002,0.89
0.15000000000000002,0.87
0.15000000000000002,0.88
0.15000000000000002,0.86
0.15000000000000002,0.82
0.15000000000000002,0.86
0.15000000000000002,0.87
0.15000000000000002,0.86
0.15000000000000002,0.85
0.15000000000000002,0.82
0.15000000000000002,0.86
0.15000000000000002,0.86
0.15000000000000002,0.87
0.15000000000000002,0.85
0.15000000000000002,0.81
0.15000000000000002,0.88
0.15000000000000002,0.88
0.15000000000000002,0.87
0.15000000000000002,0.8
0.15000000000000002,0.85
0.15000000000000002,0.81
0.15000000000000002,0.85
0.15000000000000002,0.88
0.15000000000000002,0.85
0.15000000000000002,0.86
0.15000000000000002,0.85
0.15000000000000002,0.88
0.15000000000000002,0.86
0.15000000000000002,0.89
0.15000000000000002,0.86
0.15000000000000002,0.83
0.15000000000000002,0.86
0.15000000000000002,0.85
0.15000000000000002,0.86
0.15000000000000002,0.83
0.15000000000000002,0.81
0.15000000000000002,0.87
0.15000000000000002,0.85
0.15000000000000002,0.86
0.15000000000000002,0.85
0.15000000000000002,0.86
0.15000000000000002,0.89
0.15000000000000002,0.85
0.15000000000000002,0.84
0.15000000000000002,0.82
0.15000000000000002,0.83
0.15000000000000002,0.86
0.15000000000000002,0.84
0.15000000000000002,0.85
0.15000000000000002,0.89
0.15000000000000002,0.84
0.15000000000000002,0.87
0.15000000000000002,0.83
0.15000000000000002,0.84
0.15000000000000002,0.86
0.15000000000000002,0.86
0.15000000000000002,0.85
0.15000000000000002,0.86
0.15000000000000002,0.84
0.15000000000000002,0.84
0.15000000000000002,0.84
0.15000000000000002,0.85
0.15000000000000002,0.87
0.15000000000000002,0.88
0.15000000000000002,0.86
0.15000000000000002,0.85
0.15000000000000002,0.87
0.15000000000000002,0.85
0.15000000000000002,0.86
0.15000000000000002,0.84
0.15000000000000002,0.88
0.15000000000000002,0.88
0.15000000000000002,0.84
0.15000000000000002,0.87
0.15000000000000002,0.87
0.15000000000000002,0.78
0.16,0.85
0.16,0.86
0.16,0.81
0.16,0.85
0.16,0.85
0.16,0.83
0.16,0.83
0.16,0.88
0.16,0.83
0.16,0.83
0.16,0.87
0.16,0.86
0.16,0.87
0.16,0.87
0.16,0.84
0.16,0.85
0.16,0.83
0.16,0.84
0.16,0.86
0.16,0.85
0.16,0.87
0.16,0.87
0.16,0.85
0.16,0.87
0.16,0.84
0.16,0.85
0.16,0.85
0.16,0.82
0.16,0.86
0.16,0.86
0.16,0.85
0.16,0.86
0.16,0.86
0.16,0.84
0.16,0.87
0.16,0.85
0.16,0.85
0.16,0.85
0.16,0.86
0.16,0.83
0.16,0.86
0.16,0.87
0.16,0.83
0.16,0.84
0.16,0.87
0.16,0.85
0.16,0.84
0.16,0.87
0.16,0.88
0.16,0.89
0.16,0.87
0.16,0.84
0.16,0.88
0.16,0.86
0.16,0.88
0.16,0.85
0.16,0.84
0.16,0.87
0.16,0.86
0.16,0.86
0.16,0.86
0.16,0.85
0.16,0.85
0.16,0.83
0.16,0.83
0.16,0.85
0.16,0.83
0.16,0.86
0.16,0.83
0.16,0.88
0.16,0.85
0.16,0.87
0.16,0.85
0.16,0.87
0.16,0.84
0.16,0.84
0.16,0.88
0.16,0.82
0.16,0.87
0.16,0.84
0.16,0.81
0.16,0.86
0.16,0.86
0.16,0.8
0.16,0.84
0.16,0.87
0.16,0.85
0.16,0.83
0.16,0.85
0.16,0.85
0.16,0.82
0.16,0.86
0.16,0.86
0.16,0.83
0.16,0.86
0.16,0.89
0.16,0.86
0.16,0.89
0.16,0.86
0.16,0.86
0.16,0.86
0.16,0.87
0.16,0.84
0.16,0.82
0.16,0.86
0.16,0.86
0.16,0.83
0.16,0.86
0.16,0.83
0.16,0.89
0.16,0.86
0.16,0.84
0.16,0.83
0.16,0.83
0.16,0.83
0.16,0.85
0.16,0.88
0.16,0.89
0.16,0.87
0.16,0.88
0.16,0.83
0.16,0.86
0.16,0.82
0.16,0.89
0.16,0.85
0.16,0.84
0.16,0.86
0.16,0.82
0.16,0.87
0.16,0.87
0.16,0.85
0.16,0.85
0.16,0.82
0.16,0.86
0.16,0.84
0.16,0.85
0.16,0.83
0.16,0.88
0.16,0.83
0.16,0.79
0.16,0.84
0.16,0.86
0.16,0.85
0.16,0.84
0.16,0.86
0.16,0.84
0.16,0.87
0.16,0.84
0.16,0.86
0.16,0.85
0.16,0.81
0.16,0.86
0.16,0.84
0.16,0.87
0.16,0.85
0.16,0.87
0.16,0.87
0.16,0.85
0.16,0.87
0.16,0.86
0.16,0.85
0.16,0.86
0.16,0.84
0.16,0.85
0.16,0.86
0.16,0.89
0.16,0.85
0.16,0.89
0.16,0.83
0.16,0.88
0.16,0.83
0.16,0.85
0.16,0.88
0.16,0.86
0.16,0.87
0.16,0.87
0.16,0.87
0.16,0.84
0.16,0.87
0.16,0.84
0.16,0.85
0.16,0.86
0.16,0.85
0.16,0.82
0.16,0.86
0.16,0.84
0.16,0.84
0.16,0.86
0.16,0.79
0.16,0.87
0.16,0.86
0.16,0.85
0.16,0.86
0.16,0.86
0.16,0.83
0.16,0.85
0.16,0.88
0.16,0.87
0.16,0.86
0.16,0.85
0.16,0.87
0.16,0.86
0.16,0.88
0.16,0.87
0.16,0.83
0.16,0.84
0.16,0.85
0.16,0.87
0.16,0.84
0.16,0.82
0.16,0.85
0.16,0.87
0.16,0.86
0.16,0.85
0.16,0.87
0.16,0.86
0.16,0.85
0.16,0.85
0.16,0.82
0.16,0.85
0.16,0.84
0.16,0.84
0.16,0.85
0.16,0.84
0.16,0.84
0.16,0.86
0.16,0.85
0.16,0.87
0.16,0.86
0.16,0.86
0.16,0.85
0.16,0.86
0.16,0.83
0.16,0.81
0.16,0.86
0.16,0.88
0.16,0.86
0.16,0.83
0.16,0.87
0.16,0.86
0.16,0.86
0.16,0.87
0.16,0.85
0.16,0.82
0.16,0.87
0.16,0.85
0.16,0.82
0.16,0.89
0.16,0.87
0.16,0.79
0.17,0.85
0.17,0.85
0.17,0.84
0.17,0.83
0.17,0.85
0.17,0.86
0.17,0.82
0.17,0.88
0.17,0.83
0.17,0.86
0.17,0.86
0.17,0.87
0.17,0.87
0.17,0.85
0.17,0.86
0.17,0.85
0.17,0.85
0.17,0.85
0.17,0.83
0.17,0.82
0.17,0.87
0.17,0.86
0.17,0.85
0.17,0.86
0.17,0.81
0.17,0.83
0.17,0.85
0.17,0.83
0.17,0.87
0.17,0.86
0.17,0.83
0.17,0.86
0.17,0.84
0.17,0.87
0.17,0.87
0.17,0.85
0.17,0.85
0.17,0.85
0.17,0.87
0.17,0.82
0.17,0.89
0.17,0.87
0.17,0.82
0.17,0.84
0.17,0.83
0.17,0.85
0.17,0.83
0.17,0.83
0.17,0.85
0.17,0.88
0.17,0.86
0.17,0.83
0.17,0.85
0.17,0.86
0.17,0.85
0.17,0.86
0.17,0.83
0.17,0.87
0.17,0.85
0.17,0.85
0.17,0.86
0.17,0.85
0.17,0.84
0.17,0.88
0.17,0.84
0.17,0.85
0.17,0.83
0.17,0.85
0.17,0.85
0.17,0.89
0.17,0.85
0.17,0.85
0.17,0.85
0.17,0.86
0.17,0.87
0.17,0.87
0.17,0.88
0.17,0.85
0.17,0.87
0.17,0.84
0.17,0.8
0.17,0.87
0.17,0.85
0.17,0.86
0.17,0.84
0.17,0.86
0.17,0.85
0.17,0.82
0.17,0.83
0.17,0.85
0.17,0.82
0.17,0.87
0.17,0.86
0.17,0.81
0.17,0.83
0.17,0.87
0.17,0.85
0.17,0.86
0.17,0.84
0.17,0.85
0.17,0.83
0.17,0.85
0.17,0.86
0.17,0.85
0.17,0.86
0.17,0.86
0.17,0.83
0.17,0.86
0.17,0.84
0.17,0.87
0.17,0.86
0.17,0.84
0.17,0.84
0.17,0.84
0.17,0.82
0.17,0.86
0.17,0.88
0.17,0.83
0.17,0.86
0.17,0.86
0.17,0.84
0.17,0.87
0.17,0.83
0.17,0.86
0.17,0.84
0.17,0.84
0.17,0.86
0.17,0.84
0.17,0.84
0.17,0.83
0.17,0.86
0.17,0.86
0.17,0.86
0.17,0.86
0.17,0.83
0.17,0.85
0.17,0.86
0.17,0.87
0.17,0.8
0.17,0.86
0.17,0.85
0.17,0.85
0.17,0.85
0.17,0.85
0.17,0.85
0.17,0.86
0.17,0.86
0.17,0.85
0.17,0.84
0.17,0.85
0.17,0.86
0.17,0.86
0.17,0.84
0.17,0.87
0.17,0.87
0.17,0.86
0.17,0.84
0.17,0.8
0.17,0.87
0.17,0.83
0.17,0.86
0.17,0.86
0.17,0.84
0.17,0.85
0.17,0.85
0.17,0.87
0.17,0.84
0.17,0.88
0.17,0.82
0.17,0.85
0.17,0.83
0.17,0.84
0.17,0.86
0.17,0.86
0.17,0.88
0.17,0.85
0.17,0.85
0.17,0.84
0.17,0.87
0.17,0.85
0.17,0.84
0.17,0.85
0.17,0.86
0.17,0.84
0.17,0.84
0.17,0.84
0.17,0.86
0.17,0.86
0.17,0.87
0.17,0.86
0.17,0.85
0.17,0.86
0.17,0.84
0.17,0.84
0.17,0.83
0.17,0.86
0.17,0.84
0.17,0.85
0.17,0.83
0.17,0.85
0.17,0.87
0.17,0.86
0.17,0.85
0.17,0.87
0.17,0.83
0.17,0.86
0.17,0.86
0.17,0.86
0.17,0.83
0.17,0.84
0.17,0.85
0.17,0.86
0.17,0.87
0.17,0.84
0.17,0.86
0.17,0.86
0.17,0.86
0.17,0.83
0.17,0.85
0.17,0.88
0.17,0.86
0.17,0.83
0.17,0.86
0.17,0.88
0.17,0.84
0.17,0.86
0.17,0.83
0.17,0.87
0.17,0.86
0.17,0.85
0.17,0.82
0.17,0.87
0.17,0.84
0.17,0.82
0.17,0.84
0.17,0.87
0.17,0.85
0.17,0.85
0.17,0.86
0.17,0.84
0.17,0.86
0.17,0.85
0.17,0.85
0.17,0.82
0.17,0.86
0.17,0.87
0.17,0.85
0.17,0.87
0.17,0.88
0.17,0.8
0.18000000000000002,0.85
0.18000000000000002,0.83
0.18000000000000002,0.83
0.18000000000000002,0.83
0.18000000000000002,0.85
0.18000000000000002,0.85
0.18000000000000002,0.85
0.18000000000000002,0.87
0.18000000000000002,0.84
0.18000000000000002,0.85
0.18000000000000002,0.86
0.18000000000000002,0.86
0.18000000000000002,0.88
0.18000000000000002,0.85
0.18000000000000002,0.86
0.18000000000000002,0.86
0.18000000000000002,0.85
0.18000000000000002,0.85
0.18000000000000002,0.83
0.18000000000000002,0.85
0.18000000000000002,0.86
0.18000000000000002,0.86
0.18000000000000002,0.85
0.18000000000000002,0.84
0.18000000000000002,0.85
0.18000000000000002,0.83
0.18000000000000002,0.84
0.18000000000000002,0.8
0.18000000000000002,0.84
0.18000000000000002,0.87
0.18000000000000002,0.83
0.18000000000000002,0.84
0.18000000000000002,0.84
0.18000000000000002,0.87
0.18000000000000002,0.86
0.18000000000000002,0.86
0.18000000000000002,0.84
0.18000000000000002,0.86
0.18000000000000002,0.83
0.18000000000000002,0.84
0.18000000000000002,0.89
0.18000000000000002,0.88
0.18000000000000002,0.82
0.18000000000000002,0.84
0.18000000000000002,0.84
0.18000000000000002,0.86
0.18000000000000002,0.83
0.18000000000000002,0.87
0.18000000000000002,0.85
0.18000000000000002,0.87
0.18000000000000002,0.85
0.18000000000000002,0.82
0.18000000000000002,0.87
0.18000000000000002,0.84
0.18000000000000002,0.85
0.18000000000000002,0.84
0.18000000000000002,0.85
0.18000000000000002,0.87
0.18000000000000002,0.84
0.18000000000000002,0.84
0.18000000000000002,0.87
0.18000000000000002,0.85
0.18000000000000002,0.84
0.18000000000000002,0.87
0.18000000000000002,0.83
0.18000000000000002,0.84
0.18000000000000002,0.84
0.18000000000000002,0.87
0.18000000000000002,0.85
0.18000000000000002,0.87
0.18000000000000002,0.83
0.18000000000000002,0.86
0.18000000000000002,0.81
0.18000000000000002,0.84
0.18000000000000002,0.83
0.18000000000000002,0.85
0.18000000000000002,0.81
0.18000000000000002,0.84
0.18000000000000002,0.87
0.18000000000000002,0.84
0.18000000000000002,0.85
0.18000000000000002,0.86
0.18000000000000002,0.86
0.18000000000000002,0.84
0.18000000000000002,0.84
0.18000000000000002,0.83
0.18000000000000002,0.84
0.18000000000000002,0.81
0.18000000000000002,0.85
0.18000000000000002,0.86
0.18000000000000002,0.86
0.18000000000000002,0.87
0.18000000000000002,0.86
0.18000000000000002,0.83
0.18000000000000002,0.83
0.18000000000000002,0.86
0.18000000000000002,0.82
0.18000000000000002,0.85
0.18000000000000002,0.84
0.18000000000000002,0.85
0.18000000000000002,0.84
0.18000000000000002,0.85
0.18000000000000002,0.86
0.18000000000000002,0.85
0.18000000000000002,0.87
0.18000000000000002,0.84
0.18000000000000002,0.84
0.18000000000000002,0.85
0.18000000000000002,0.82
0.18000000000000002,0.87
0.18000000000000002,0.84
0.18000000000000002,0.83
0.18000000000000002,0.83
0.18000000000000002,0.84
0.18000000000000002,0.82
0.18000000000000002,0.85
0.18000000000000002,0.88
0.18000000000000002,0.84
0.18000000000000002,0.85
0.18000000000000002,0.85
0.18000000000000002,0.83
0.18000000000000002,0.85
0.18000000000000002,0.82
0.18000000000000002,0.86
0.18000000000000002,0.85
0.18000000000000002,0.83
0.18000000000000002,0.85
0.18000000000000002,0.84
0.18000000000000002,0.84
0.18000000000000002,0.82
0.18000000000000002,0.82
0.18000000000000002,0.85
0.18000000000000002,0.83
0.18000000000000002,0.86
0.18000000000000002,0.83
0.18000000000000002,0.85
0.18000000000000002,0.85
0.18000000000000002,0.87
0.18000000000000002,0.85
0.18000000000000002,0.82
0.18000000000000002,0.85
0.18000000000000002,0.84
0.18000000000000002,0.84
0.18000000000000002,0.86
0.18000000000000002,0.84
0.18000000000000002,0.83
0.18000000000000002,0.85
0.18000000000000002,0.85
0.18000000000000002,0.87
0.18000000000000002,0.85
0.18000000000000002,0.82
0.18000000000000002,0.85
0.18000000000000002,0.84
0.18000000000000002,0.87
0.18000000000000002,0.86
0.18000000000000002,0.84
0.18000000000000002,0.84
0.18000000000000002,0.86
0.18000000000000002,0.87
0.18000000000000002,0.82
0.18000000000000002,0.85
0.18000000000000002,0.85
0.18000000000000002,0.85
0.18000000000000002,0.84
0.18000000000000002,0.84
0.18000000000000002,0.86
0.18000000000000002,0.87
0.18000000000000002,0.86
0.18000000000000002,0.82
0.18000000000000002,0.84
0.18000000000000002,0.84
0.18000000000000002,0.85
0.18000000000000002,0.88
0.18000000000000002,0.86
0.18000000000000002,0.84
0.18000000000000002,0.86
0.18000000000000002,0.85
0.18000000000000002,0.84
0.18000000000000002,0.85
0.18000000000000002,0.84
0.18000000000000002,0.84
0.18000000000000002,0.84
0.18000000000000002,0.85
0.18000000000000002,0.86
0.18000000000000002,0.85
0.18000000000000002,0.85
0.18000000000000002,0.85
0.18000000000000002,0.86
0.18000000000000002,0.83
0.18000000000000002,0.86
0.18000000000000002,0.85
0.18000000000000002,0.86
0.18000000000000002,0.86
0.18000000000000002,0.84
0.18000000000000002,0.81
0.18000000000000002,0.84
0.18000000000000002,0.84
0.18000000000000002,0.85
0.18000000000000002,0.84
0.18000000000000002,0.85
0.18000000000000002,0.88
0.18000000000000002,0.85
0.18000000000000002,0.83
0.18000000000000002,0.87
0.18000000000000002,0.82
0.18000000000000002,0.85
0.18000000000000002,0.83
0.18000000000000002,0.85
0.18000000000000002,0.82
0.18000000000000002,0.84
0.18000000000000002,0.85
0.18000000000000002,0.85
0.18000000000000002,0.84
0.18000000000000002,0.85
0.18000000000000002,0.85
0.18000000000000002,0.85
0.18000000000000002,0.86
0.18000000000000002,0.84
0.18000000000000002,0.82
0.18000000000000002,0.85
0.18000000000000002,0.86
0.18000000000000002,0.83
0.18000000000000002,0.81
0.18000000000000002,0.86
0.18000000000000002,0.84
0.18000000000000002,0.84
0.18000000000000002,0.82
0.18000000000000002,0.85
0.18000000000000002,0.85
0.18000000000000002,0.85
0.18000000000000002,0.83
0.18000000000000002,0.86
0.18000000000000002,0.84
0.18000000000000002,0.83
0.18000000000000002,0.84
0.18000000000000002,0.86
0.18000000000000002,0.84
0.18000000000000002,0.84
0.18000000000000002,0.85
0.18000000000000002,0.84
0.18000000000000002,0.85
0.18000000000000002,0.84
0.18000000000000002,0.85
0.18000000000000002,0.85
0.18000000000000002,0.86
0.18000000000000002,0.86
0.18000000000000002,0.87
0.18000000000000002,0.86
0.18000000000000002,0.87
0.18000000000000002,0.87
0.19,0.85
0.19,0.83
0.19,0.85
0.19,0.83
0.19,0.85
0.19,0.85
0.19,0.83
0.19,0.88
0.19,0.85
0.19,0.85
0.19,0.86
0.19,0.87
0.19,0.88
0.19,0.85
0.19,0.85
0.19,0.86
0.19,0.83
0.19,0.85
0.19,0.82
0.19,0.8
0.19,0.83
0.19,0.86
0.19,0.85
0.19,0.83
0.19,0.82
0.19,0.82
0.19,0.84
0.19,0.87
0.19,0.87
0.19,0.84
0.19,0.83
0.19,0.83
0.19,0.84
0.19,0.85
0.19,0.85
0.19,0.84
0.19,0.85
0.19,0.85
0.19,0.85
0.19,0.84
0.19,0.86
0.19,0.84
0.19,0.82
0.19,0.84
0.19,0.82
0.19,0.85
0.19,0.83
0.19,0.84
0.19,0.84
0.19,0.87
0.19,0.85
0.19,0.83
0.19,0.86
0.19,0.85
0.19,0.84
0.19,0.88
0.19,0.82
0.19,0.86
0.19,0.84
0.19,0.85
0.19,0.87
0.19,0.85
0.19,0.83
0.19,0.88
0.19,0.83
0.19,0.84
0.19,0.86
0.19,0.84
0.19,0.83
0.19,0.87
0.19,0.83
0.19,0.85
0.19,0.86
0.19,0.85
0.19,0.84
0.19,0.83
0.19,0.83
0.19,0.87
0.19,0.87
0.19,0.84
0.19,0.84
0.19,0.86
0.19,0.86
0.19,0.82
0.19,0.83
0.19,0.81
0.19,0.84
0.19,0.84
0.19,0.84
0.19,0.86
0.19,0.86
0.19,0.84
0.19,0.85
0.19,0.84
0.19,0.84
0.19,0.86
0.19,0.82
0.19,0.85
0.19,0.84
0.19,0.84
0.19,0.82
0.19,0.85
0.19,0.86
0.19,0.83
0.19,0.84
0.19,0.85
0.19,0.86
0.19,0.85
0.19,0.81
0.19,0.82
0.19,0.84
0.19,0.84
0.19,0.84
0.19,0.84
0.19,0.82
0.19,0.85
0.19,0.88
0.19,0.84
0.19,0.86
0.19,0.84
0.19,0.82
0.19,0.84
0.19,0.83
0.19,0.86
0.19,0.84
0.19,0.84
0.19,0.85
0.19,0.84
0.19,0.84
0.19,0.82
0.19,0.86
0.19,0.84
0.19,0.8
0.19,0.85
0.19,0.83
0.19,0.87
0.19,0.86
0.19,0.86
0.19,0.85
0.19,0.85
0.19,0.86
0.19,0.85
0.19,0.86
0.19,0.85
0.19,0.84
0.19,0.83
0.19,0.86
0.19,0.86
0.19,0.84
0.19,0.85
0.19,0.85
0.19,0.85
0.19,0.84
0.19,0.87
0.19,0.87
0.19,0.84
0.19,0.83
0.19,0.83
0.19,0.87
0.19,0.84
0.19,0.82
0.19,0.85
0.19,0.85
0.19,0.83
0.19,0.83
0.19,0.84
0.19,0.85
0.19,0.87
0.19,0.82
0.19,0.84
0.19,0.85
0.19,0.84
0.19,0.81
0.19,0.86
0.19,0.85
0.19,0.84
0.19,0.86
0.19,0.84
0.19,0.81
0.19,0.84
0.19,0.85
0.19,0.85
0.19,0.85
0.19,0.85
0.19,0.84
0.19,0.84
0.19,0.85
0.19,0.85
0.19,0.83
0.19,0.84
0.19,0.85
0.19,0.85
0.19,0.85
0.19,0.82
0.19,0.85
0.19,0.85
0.19,0.83
0.19,0.84
0.19,0.84
0.19,0.85
0.19,0.86
0.19,0.85
0.19,0.87
0.19,0.87
0.19,0.83
0.19,0.84
0.19,0.86
0.19,0.85
0.19,0.82
0.19,0.84
0.19,0.82
0.19,0.84
0.19,0.84
0.19,0.85
0.19,0.84
0.19,0.85
0.19,0.83
0.19,0.85
0.19,0.84
0.19,0.86
0.19,0.86
0.19,0.84
0.19,0.85
0.19,0.85
0.19,0.82
0.19,0.85
0.19,0.84
0.19,0.85
0.19,0.85
0.19,0.84
0.19,0.83
0.19,0.85
0.19,0.83
0.19,0.83
0.19,0.83
0.19,0.85
0.19,0.82
0.19,0.84
0.19,0.86
0.19,0.86
0.19,0.84
0.19,0.83
0.19,0.84
0.19,0.86
0.19,0.84
0.19,0.87
0.19,0.84
0.19,0.83
0.19,0.87
0.19,0.84
0.2,0.84
0.2,0.82
0.2,0.86
0.2,0.85
0.2,0.85
0.2,0.84
0.2,0.85
0.2,0.85
0.2,0.84
0.2,0.85
0.2,0.86
0.2,0.86
0.2,0.87
0.2,0.84
0.2,0.84
0.2,0.85
0.2,0.82
0.2,0.84
0.2,0.84
0.2,0.84
0.2,0.86
0.2,0.86
0.2,0.85
0.2,0.86
0.2,0.83
0.2,0.83
0.2,0.84
0.2,0.85
0.2,0.84
0.2,0.84
0.2,0.83
0.2,0.84
0.2,0.84
0.2,0.86
0.2,0.83
0.2,0.85
0.2,0.85
0.2,0.85
0.2,0.84
0.2,0.84
0.2,0.82
0.2,0.83
0.2,0.82
0.2,0.84
0.2,0.84
0.2,0.84
0.2,0.82
0.2,0.87
0.2,0.85
0.2,0.86
0.2,0.84
0.2,0.82
0.2,0.87
0.2,0.85
0.2,0.84
0.2,0.87
0.2,0.84
0.2,0.86
0.2,0.83
0.2,0.85
0.2,0.85
0.2,0.85
0.2,0.83
0.2,0.83
0.2,0.83
0.2,0.82
0.2,0.85
0.2,0.84
0.2,0.82
0.2,0.87
0.2,0.83
0.2,0.84
0.2,0.83
0.2,0.85
0.2,0.84
0.2,0.83
0.2,0.82
0.2,0.87
0.2,0.87
0.2,0.84
0.2,0.85
0.2,0.86
0.2,0.83
0.2,0.83
0.2,0.84
0.2,0.84
0.2,0.83
0.2,0.78
0.2,0.84
0.2,0.85
0.2,0.86
0.2,0.84
0.2,0.85
0.2,0.83
0.2,0.82
0.2,0.86
0.2,0.84
0.2,0.84
0.2,0.84
0.2,0.84
0.2,0.82
0.2,0.85
0.2,0.85
0.2,0.82
0.2,0.8
0.2,0.85
0.2,0.83
0.2,0.85
0.2,0.84
0.2,0.82
0.2,0.84
0.2,0.84
0.2,0.83
0.2,0.84
0.2,0.81
0.2,0.85
0.2,0.86
0.2,0.85
0.2,0.85
0.2,0.84
0.2,0.82
0.2,0.83
0.2,0.83
0.2,0.85
0.2,0.82
0.2,0.84
0.2,0.85
0.2,0.83
0.2,0.85
0.2,0.81
0.2,0.85
0.2,0.85
0.2,0.81
0.2,0.84
0.2,0.83
0.2,0.86
0.2,0.85
0.2,0.86
0.2,0.84
0.2,0.82
0.2,0.84
0.2,0.86
0.2,0.85
0.2,0.83
0.2,0.84
0.2,0.82
0.2,0.86
0.2,0.85
0.2,0.84
0.2,0.84
0.2,0.85
0.2,0.83
0.2,0.84
0.2,0.86
0.2,0.86
0.2,0.83
0.2,0.83
0.2,0.84
0.2,0.86
0.2,0.83
0.2,0.84
0.2,0.85
0.2,0.84
0.2,0.83
0.2,0.81
0.2,0.87
0.2,0.85
0.2,0.86
0.2,0.82
0.2,0.86
0.2,0.83
0.2,0.8
0.2,0.82
0.2,0.86
0.2,0.84
0.2,0.83
0.2,0.83
0.2,0.84
0.2,0.84
0.2,0.82
0.2,0.85
0.2,0.83
0.2,0.85
0.2,0.84
0.2,0.84
0.2,0.84
0.2,0.84
0.2,0.85
0.2,0.8
0.2,0.85
0.2,0.83
0.2,0.84
0.2,0.85
0.2,0.83
0.2,0.81
0.2,0.83
0.2,0.83
0.2,0.85
0.2,0.84
0.2,0.85
0.2,0.85
0.2,0.85
0.2,0.87
0.2,0.87
0.2,0.84
0.2,0.84
0.2,0.82
0.2,0.84
0.2,0.82
0.2,0.84
0.2,0.84
0.2,0.84
0.2,0.84
0.2,0.84
0.2,0.84
0.2,0.85
0.2,0.84
0.2,0.85
0.2,0.86
0.2,0.85
0.2,0.84
0.2,0.83
0.2,0.83
0.2,0.84
0.2,0.82
0.2,0.85
0.2,0.81
0.2,0.84
0.2,0.85
0.2,0.84
0.2,0.82
0.2,0.85
0.2,0.82
0.2,0.84
0.2,0.83
0.2,0.85
0.2,0.85
0.2,0.83
0.2,0.87
0.2,0.86
0.2,0.84
0.2,0.85
0.2,0.84
0.2,0.85
0.2,0.85
0.2,0.86
0.2,0.84
0.2,0.82
0.2,0.87
0.2,0.84
