alpha,Recycle_Rate
0.01,0.601
0.01,0.5835
0.01,0.5824999999999999
0.01,0.629
0.01,0.66
0.01,0.602
0.01,0.6649999999999999
0.01,0.6435000000000001
0.01,0.6289999999999999
0.01,0.5935
0.01,0.631
0.01,0.61
0.01,0.6389999999999999
0.01,0.5625
0.01,0.5854999999999999
0.01,0.5519999999999999
0.01,0.6064999999999999
0.01,0.6365000000000001
0.01,0.5959999999999999
0.01,0.5994999999999998
0.01,0.661
0.01,0.6184999999999998
0.01,0.65
0.01,0.6139999999999999
0.01,0.674
0.01,0.6119999999999999
0.01,0.636
0.01,0.6385
0.01,0.6415000000000001
0.01,0.6495
0.01,0.5465
0.01,0.546
0.01,0.6335
0.01,0.624
0.01,0.6425000000000001
0.01,0.598
0.01,0.591
0.01,0.656
0.01,0.665
0.01,0.6755000000000001
0.01,0.6129999999999999
0.01,0.6095
0.01,0.587
0.01,0.6325000000000001
0.01,0.6024999999999999
0.01,0.619
0.01,0.5495
0.01,0.6435000000000001
0.01,0.5695
0.01,0.7125
0.04413793103448276,0.6335000000000002
0.04413793103448276,0.63
0.04413793103448276,0.6160000000000001
0.04413793103448276,0.6540000000000001
0.04413793103448276,0.6965000000000001
0.04413793103448276,0.6265000000000001
0.04413793103448276,0.7024999999999999
0.04413793103448276,0.6785
0.04413793103448276,0.6660000000000001
0.04413793103448276,0.6214999999999999
0.04413793103448276,0.6799999999999999
0.04413793103448276,0.6565000000000001
0.04413793103448276,0.6789999999999999
0.04413793103448276,0.6015
0.04413793103448276,0.624
0.04413793103448276,0.614
0.04413793103448276,0.6285
0.04413793103448276,0.6695000000000001
0.04413793103448276,0.635
0.04413793103448276,0.61
0.04413793103448276,0.6885
0.04413793103448276,0.667
0.04413793103448276,0.6794999999999999
0.04413793103448276,0.6455000000000002
0.04413793103448276,0.7055
0.04413793103448276,0.6535
0.04413793103448276,0.6815
0.04413793103448276,0.6519999999999999
0.04413793103448276,0.683
0.04413793103448276,0.6765
0.04413793103448276,0.609
0.04413793103448276,0.583
0.04413793103448276,0.671
0.04413793103448276,0.6795
0.04413793103448276,0.6655
0.04413793103448276,0.6335
0.04413793103448276,0.631
0.04413793103448276,0.6645000000000001
0.04413793103448276,0.7125
0.04413793103448276,0.7075
0.04413793103448276,0.6530000000000001
0.04413793103448276,0.6485000000000001
0.04413793103448276,0.6075
0.04413793103448276,0.6625
0.04413793103448276,0.624
0.04413793103448276,0.6315000000000001
0.04413793103448276,0.5905
0.04413793103448276,0.709
0.04413793103448276,0.6265
0.04413793103448276,0.717
0.07827586206896552,0.671
0.07827586206896552,0.6634999999999999
0.07827586206896552,0.6275000000000001
0.07827586206896552,0.7060000000000001
0.07827586206896552,0.7384999999999999
0.07827586206896552,0.6629999999999999
0.07827586206896552,0.7164999999999999
0.07827586206896552,0.6975
0.07827586206896552,0.729
0.07827586206896552,0.6605000000000001
0.07827586206896552,0.7174999999999999
0.07827586206896552,0.6895
0.07827586206896552,0.7214999999999999
0.07827586206896552,0.663
0.07827586206896552,0.6970000000000001
0.07827586206896552,0.6465000000000001
0.07827586206896552,0.669
0.07827586206896552,0.716
0.07827586206896552,0.6809999999999998
0.07827586206896552,0.638
0.07827586206896552,0.7284999999999999
0.07827586206896552,0.7025
0.07827586206896552,0.7045
0.07827586206896552,0.6864999999999999
0.07827586206896552,0.7565
0.07827586206896552,0.6765000000000001
0.07827586206896552,0.7114999999999999
0.07827586206896552,0.6914999999999999
0.07827586206896552,0.7125000000000001
0.07827586206896552,0.711
0.07827586206896552,0.6575
0.07827586206896552,0.6239999999999999
0.07827586206896552,0.7165
0.07827586206896552,0.7155
0.07827586206896552,0.6955
0.07827586206896552,0.692
0.07827586206896552,0.674
0.07827586206896552,0.721
0.07827586206896552,0.7529999999999999
0.07827586206896552,0.7365000000000002
0.07827586206896552,0.6719999999999999
0.07827586206896552,0.696
0.07827586206896552,0.6559999999999999
0.07827586206896552,0.6925000000000001
0.07827586206896552,0.6515
0.07827586206896552,0.6495
0.07827586206896552,0.6475000000000002
0.07827586206896552,0.7314999999999999
0.07827586206896552,0.658
0.07827586206896552,0.738
0.11241379310344828,0.7165000000000001
0.11241379310344828,0.6825000000000001
0.11241379310344828,0.6775
0.11241379310344828,0.721
0.11241379310344828,0.759
0.11241379310344828,0.7135
0.11241379310344828,0.7545000000000001
0.11241379310344828,0.7375
0.11241379310344828,0.7605000000000001
0.11241379310344828,0.7190000000000001
0.11241379310344828,0.7404999999999999
0.11241379310344828,0.7135
0.11241379310344828,0.746
0.11241379310344828,0.712
0.11241379310344828,0.724
0.11241379310344828,0.6759999999999999
0.11241379310344828,0.6880000000000001
0.11241379310344828,0.7565
0.11241379310344828,0.732
0.11241379310344828,0.671
0.11241379310344828,0.7575000000000001
0.11241379310344828,0.7384999999999999
0.11241379310344828,0.7464999999999999
0.11241379310344828,0.7264999999999999
0.11241379310344828,0.7845000000000001
0.11241379310344828,0.7209999999999999
0.11241379310344828,0.7569999999999999
0.11241379310344828,0.7149999999999999
0.11241379310344828,0.7460000000000001
0.11241379310344828,0.751
0.11241379310344828,0.709
0.11241379310344828,0.6775
0.11241379310344828,0.756
0.11241379310344828,0.7505
0.11241379310344828,0.7265
0.11241379310344828,0.7405
0.11241379310344828,0.7224999999999999
0.11241379310344828,0.7484999999999999
0.11241379310344828,0.7755000000000001
0.11241379310344828,0.7715
0.11241379310344828,0.709
0.11241379310344828,0.7095
0.11241379310344828,0.676
0.11241379310344828,0.7464999999999999
0.11241379310344828,0.6915
0.11241379310344828,0.6975
0.11241379310344828,0.6914999999999999
0.11241379310344828,0.7554999999999998
0.11241379310344828,0.7105
0.11241379310344828,0.7689999999999999
0.14655172413793105,0.737
0.14655172413793105,0.732
0.14655172413793105,0.738
0.14655172413793105,0.764
0.14655172413793105,0.7879999999999999
0.14655172413793105,0.7660000000000001
0.14655172413793105,0.7835000000000001
0.14655172413793105,0.7755000000000001
0.14655172413793105,0.8045
0.14655172413793105,0.7715
0.14655172413793105,0.777
0.14655172413793105,0.7575000000000001
0.14655172413793105,0.7729999999999999
0.14655172413793105,0.7655
0.14655172413793105,0.7795
0.14655172413793105,0.7255
0.14655172413793105,0.748
0.14655172413793105,0.8030000000000002
0.14655172413793105,0.7765
0.14655172413793105,0.7395
0.14655172413793105,0.7765000000000002
0.14655172413793105,0.778
0.14655172413793105,0.771
0.14655172413793105,0.7464999999999999
0.14655172413793105,0.821
0.14655172413793105,0.749
0.14655172413793105,0.7995
0.14655172413793105,0.7779999999999999
0.14655172413793105,0.7859999999999999
0.14655172413793105,0.7705
0.14655172413793105,0.7344999999999999
0.14655172413793105,0.7105
0.14655172413793105,0.7705
0.14655172413793105,0.7750000000000001
0.14655172413793105,0.7715000000000001
0.14655172413793105,0.7739999999999999
0.14655172413793105,0.7535000000000001
0.14655172413793105,0.7745000000000001
0.14655172413793105,0.7995000000000001
0.14655172413793105,0.775
0.14655172413793105,0.7545
0.14655172413793105,0.756
0.14655172413793105,0.725
0.14655172413793105,0.771
0.14655172413793105,0.7170000000000001
0.14655172413793105,0.7205
0.14655172413793105,0.7289999999999999
0.14655172413793105,0.7535000000000001
0.14655172413793105,0.7334999999999999
0.14655172413793105,0.8015000000000001
0.1806896551724138,0.7625
0.1806896551724138,0.7404999999999999
0.1806896551724138,0.7970000000000002
0.1806896551724138,0.772
0.1806896551724138,0.8029999999999999
0.1806896551724138,0.7905
0.1806896551724138,0.8164999999999999
0.1806896551724138,0.7975000000000001
0.1806896551724138,0.7955
0.1806896551724138,0.7769999999999999
0.1806896551724138,0.8005000000000001
0.1806896551724138,0.7825
0.1806896551724138,0.7915
0.1806896551724138,0.8094999999999999
0.1806896551724138,0.8085000000000001
0.1806896551724138,0.7434999999999999
0.1806896551724138,0.7615000000000001
0.1806896551724138,0.817
0.1806896551724138,0.7714999999999999
0.1806896551724138,0.7724999999999999
0.1806896551724138,0.8219999999999998
0.1806896551724138,0.8295
0.1806896551724138,0.8145
0.1806896551724138,0.8064999999999998
0.1806896551724138,0.85
0.1806896551724138,0.777
0.1806896551724138,0.8275
0.1806896551724138,0.8015000000000001
0.1806896551724138,0.7955
0.1806896551724138,0.7739999999999999
0.1806896551724138,0.7535
0.1806896551724138,0.7484999999999999
0.1806896551724138,0.8055
0.1806896551724138,0.8074999999999999
0.1806896551724138,0.7885
0.1806896551724138,0.8019999999999999
0.1806896551724138,0.7869999999999999
0.1806896551724138,0.8045
0.1806896551724138,0.8150000000000001
0.1806896551724138,0.8125
0.1806896551724138,0.78
0.1806896551724138,0.7929999999999999
0.1806896551724138,0.756
0.1806896551724138,0.8099999999999999
0.1806896551724138,0.778
0.1806896551724138,0.752
0.1806896551724138,0.7869999999999999
0.1806896551724138,0.8220000000000001
0.1806896551724138,0.7635000000000001
0.1806896551724138,0.8135
0.21482758620689657,0.795
0.21482758620689657,0.805
0.21482758620689657,0.812
0.21482758620689657,0.808
0.21482758620689657,0.8215
0.21482758620689657,0.8164999999999999
0.21482758620689657,0.8220000000000001
0.21482758620689657,0.827
0.21482758620689657,0.8145
0.21482758620689657,0.8140000000000001
0.21482758620689657,0.8244999999999999
0.21482758620689657,0.8180000000000002
0.21482758620689657,0.825
0.21482758620689657,0.825
0.21482758620689657,0.806
0.21482758620689657,0.7950000000000002
0.21482758620689657,0.8145
0.21482758620689657,0.8375
0.21482758620689657,0.8234999999999999
0.21482758620689657,0.8049999999999999
0.21482758620689657,0.834
0.21482758620689657,0.8340000000000002
0.21482758620689657,0.8299999999999998
0.21482758620689657,0.8140000000000001
0.21482758620689657,0.851
0.21482758620689657,0.7859999999999999
0.21482758620689657,0.8320000000000001
0.21482758620689657,0.8145
0.21482758620689657,0.8154999999999999
0.21482758620689657,0.8164999999999999
0.21482758620689657,0.7845
0.21482758620689657,0.7825
0.21482758620689657,0.8125
0.21482758620689657,0.8089999999999999
0.21482758620689657,0.8230000000000001
0.21482758620689657,0.8205
0.21482758620689657,0.813
0.21482758620689657,0.8240000000000001
0.21482758620689657,0.8235000000000001
0.21482758620689657,0.825
0.21482758620689657,0.783
0.21482758620689657,0.8135
0.21482758620689657,0.7985
0.21482758620689657,0.8299999999999998
0.21482758620689657,0.8154999999999999
0.21482758620689657,0.8165000000000001
0.21482758620689657,0.8234999999999999
0.21482758620689657,0.8204999999999998
0.21482758620689657,0.8059999999999998
0.21482758620689657,0.8469999999999999
0.24896551724137933,0.813
0.24896551724137933,0.8154999999999999
0.24896551724137933,0.825
0.24896551724137933,0.8419999999999999
0.24896551724137933,0.8069999999999998
0.24896551724137933,0.8489999999999999
0.24896551724137933,0.8425
0.24896551724137933,0.8425
0.24896551724137933,0.8314999999999999
0.24896551724137933,0.827
0.24896551724137933,0.849
0.24896551724137933,0.825
0.24896551724137933,0.8299999999999998
0.24896551724137933,0.808
0.24896551724137933,0.8354999999999999
0.24896551724137933,0.799
0.24896551724137933,0.79
0.24896551724137933,0.8364999999999998
0.24896551724137933,0.8130000000000001
0.24896551724137933,0.8125
0.24896551724137933,0.8295
0.24896551724137933,0.8435
0.24896551724137933,0.8445
0.24896551724137933,0.8465
0.24896551724137933,0.8624999999999998
0.24896551724137933,0.8154999999999999
0.24896551724137933,0.837
0.24896551724137933,0.827
0.24896551724137933,0.825
0.24896551724137933,0.8215
0.24896551724137933,0.8024999999999999
0.24896551724137933,0.7995000000000001
0.24896551724137933,0.8380000000000001
0.24896551724137933,0.82
0.24896551724137933,0.8254999999999999
0.24896551724137933,0.8254999999999999
0.24896551724137933,0.8305
0.24896551724137933,0.8469999999999999
0.24896551724137933,0.857
0.24896551724137933,0.8355
0.24896551724137933,0.8315000000000001
0.24896551724137933,0.8355
0.24896551724137933,0.8345
0.24896551724137933,0.841
0.24896551724137933,0.8085000000000001
0.24896551724137933,0.836
0.24896551724137933,0.8109999999999999
0.24896551724137933,0.8305
0.24896551724137933,0.807
0.24896551724137933,0.8514999999999999
0.2831034482758621,0.8255000000000001
0.2831034482758621,0.7950000000000002
0.2831034482758621,0.834
0.2831034482758621,0.8585
0.2831034482758621,0.8200000000000001
0.2831034482758621,0.8425
0.2831034482758621,0.85
0.2831034482758621,0.8435
0.2831034482758621,0.827
0.2831034482758621,0.8425
0.2831034482758621,0.8480000000000001
0.2831034482758621,0.8380000000000001
0.2831034482758621,0.8465
0.2831034482758621,0.8404999999999999
0.2831034482758621,0.8275000000000002
0.2831034482758621,0.8215
0.2831034482758621,0.817
0.2831034482758621,0.8565000000000002
0.2831034482758621,0.8340000000000002
0.2831034482758621,0.8234999999999999
0.2831034482758621,0.8314999999999999
0.2831034482758621,0.861
0.2831034482758621,0.8285
0.2831034482758621,0.8404999999999999
0.2831034482758621,0.866
0.2831034482758621,0.8180000000000002
0.2831034482758621,0.8295
0.2831034482758621,0.8320000000000001
0.2831034482758621,0.8089999999999999
0.2831034482758621,0.8480000000000001
0.2831034482758621,0.7874999999999999
0.2831034482758621,0.8175000000000001
0.2831034482758621,0.8404999999999999
0.2831034482758621,0.808
0.2831034482758621,0.8380000000000001
0.2831034482758621,0.8240000000000001
0.2831034482758621,0.8365
0.2831034482758621,0.8440000000000001
0.2831034482758621,0.8655000000000002
0.2831034482758621,0.8414999999999999
0.2831034482758621,0.8175000000000001
0.2831034482758621,0.8305
0.2831034482758621,0.8270000000000002
0.2831034482758621,0.8539999999999999
0.2831034482758621,0.8290000000000001
0.2831034482758621,0.8465
0.2831034482758621,0.8305
0.2831034482758621,0.817
0.2831034482758621,0.828
0.2831034482758621,0.8665
0.31724137931034485,0.841
0.31724137931034485,0.8244999999999999
0.31724137931034485,0.8505
0.31724137931034485,0.865
0.31724137931034485,0.8285
0.31724137931034485,0.85
0.31724137931034485,0.845
0.31724137931034485,0.86
0.31724137931034485,0.841
0.31724137931034485,0.825
0.31724137931034485,0.8525
0.31724137931034485,0.8400000000000001
0.31724137931034485,0.8400000000000001
0.31724137931034485,0.8480000000000001
0.31724137931034485,0.852
0.31724137931034485,0.8380000000000001
0.31724137931034485,0.8104999999999999
0.31724137931034485,0.858
0.31724137931034485,0.8290000000000001
0.31724137931034485,0.8255000000000001
0.31724137931034485,0.834
0.31724137931034485,0.861
0.31724137931034485,0.853
0.31724137931034485,0.8290000000000001
0.31724137931034485,0.8720000000000001
0.31724137931034485,0.8370000000000001
0.31724137931034485,0.8435
0.31724137931034485,0.8379999999999999
0.31724137931034485,0.8345
0.31724137931034485,0.8545
0.31724137931034485,0.817
0.31724137931034485,0.8310000000000001
0.31724137931034485,0.8514999999999999
0.31724137931034485,0.8335000000000001
0.31724137931034485,0.852
0.31724137931034485,0.8495000000000001
0.31724137931034485,0.8460000000000001
0.31724137931034485,0.852
0.31724137931034485,0.8554999999999999
0.31724137931034485,0.85
0.31724137931034485,0.8290000000000001
0.31724137931034485,0.8510000000000002
0.31724137931034485,0.8524999999999998
0.31724137931034485,0.857
0.31724137931034485,0.8505
0.31724137931034485,0.836
0.31724137931034485,0.8444999999999998
0.31724137931034485,0.8480000000000001
0.31724137931034485,0.8390000000000001
0.31724137931034485,0.8714999999999999
0.3513793103448276,0.851
0.3513793103448276,0.8290000000000001
0.3513793103448276,0.8540000000000001
0.3513793103448276,0.8654999999999999
0.3513793103448276,0.8465
0.3513793103448276,0.8654999999999999
0.3513793103448276,0.86
0.3513793103448276,0.873
0.3513793103448276,0.8380000000000001
0.3513793103448276,0.8540000000000001
0.3513793103448276,0.857
0.3513793103448276,0.8465000000000001
0.3513793103448276,0.8654999999999999
0.3513793103448276,0.8515
0.3513793103448276,0.8404999999999999
0.3513793103448276,0.8459999999999999
0.3513793103448276,0.8295
0.3513793103448276,0.869
0.3513793103448276,0.8520000000000001
0.3513793103448276,0.8250000000000002
0.3513793103448276,0.8470000000000001
0.3513793103448276,0.8610000000000001
0.3513793103448276,0.8605
0.3513793103448276,0.8139999999999998
0.3513793103448276,0.8720000000000001
0.3513793103448276,0.834
0.3513793103448276,0.8545
0.3513793103448276,0.8435
0.3513793103448276,0.833
0.3513793103448276,0.8610000000000001
0.3513793103448276,0.8255000000000001
0.3513793103448276,0.8200000000000001
0.3513793103448276,0.8625
0.3513793103448276,0.85
0.3513793103448276,0.833
0.3513793103448276,0.845
0.3513793103448276,0.8500000000000002
0.3513793103448276,0.8734999999999999
0.3513793103448276,0.8744999999999999
0.3513793103448276,0.8629999999999999
0.3513793103448276,0.845
0.3513793103448276,0.865
0.3513793103448276,0.8484999999999999
0.3513793103448276,0.8555000000000001
0.3513793103448276,0.8460000000000001
0.3513793103448276,0.8639999999999999
0.3513793103448276,0.8504999999999999
0.3513793103448276,0.851
0.3513793103448276,0.857
0.3513793103448276,0.8729999999999999
0.38551724137931037,0.8380000000000001
0.38551724137931037,0.8375
0.38551724137931037,0.8620000000000001
0.38551724137931037,0.8775000000000001
0.38551724137931037,0.8305
0.38551724137931037,0.875
0.38551724137931037,0.8730000000000002
0.38551724137931037,0.867
0.38551724137931037,0.861
0.38551724137931037,0.8605
0.38551724137931037,0.8659999999999999
0.38551724137931037,0.8714999999999999
0.38551724137931037,0.8619999999999999
0.38551724137931037,0.8654999999999999
0.38551724137931037,0.8455
0.38551724137931037,0.8404999999999999
0.38551724137931037,0.8465
0.38551724137931037,0.8710000000000001
0.38551724137931037,0.8545
0.38551724137931037,0.8324999999999999
0.38551724137931037,0.8559999999999999
0.38551724137931037,0.8714999999999999
0.38551724137931037,0.861
0.38551724137931037,0.842
0.38551724137931037,0.8774999999999998
0.38551724137931037,0.8515
0.38551724137931037,0.8505
0.38551724137931037,0.868
0.38551724137931037,0.868
0.38551724137931037,0.8470000000000001
0.38551724137931037,0.8370000000000001
0.38551724137931037,0.8484999999999999
0.38551724137931037,0.8634999999999999
0.38551724137931037,0.8165000000000001
0.38551724137931037,0.8505
0.38551724137931037,0.8470000000000001
0.38551724137931037,0.8615
0.38551724137931037,0.8740000000000002
0.38551724137931037,0.8630000000000001
0.38551724137931037,0.866
0.38551724137931037,0.8440000000000001
0.38551724137931037,0.8594999999999999
0.38551724137931037,0.858
0.38551724137931037,0.8699999999999999
0.38551724137931037,0.8644999999999999
0.38551724137931037,0.8615
0.38551724137931037,0.8564999999999999
0.38551724137931037,0.881
0.38551724137931037,0.8649999999999999
0.38551724137931037,0.8789999999999999
0.41965517241379313,0.8480000000000001
0.41965517241379313,0.8584999999999999
0.41965517241379313,0.873
0.41965517241379313,0.873
0.41965517241379313,0.8560000000000001
0.41965517241379313,0.8765000000000001
0.41965517241379313,0.8710000000000001
0.41965517241379313,0.8734999999999999
0.41965517241379313,0.8635000000000002
0.41965517241379313,0.8705000000000002
0.41965517241379313,0.8765000000000001
0.41965517241379313,0.8630000000000001
0.41965517241379313,0.874
0.41965517241379313,0.8654999999999999
0.41965517241379313,0.8625
0.41965517241379313,0.8484999999999999
0.41965517241379313,0.8314999999999999
0.41965517241379313,0.8764999999999998
0.41965517241379313,0.8594999999999999
0.41965517241379313,0.849
0.41965517241379313,0.8675
0.41965517241379313,0.8885
0.41965517241379313,0.8569999999999999
0.41965517241379313,0.8514999999999999
0.41965517241379313,0.8915000000000001
0.41965517241379313,0.8459999999999999
0.41965517241379313,0.8705
0.41965517241379313,0.877
0.41965517241379313,0.8334999999999999
0.41965517241379313,0.8695000000000002
0.41965517241379313,0.8634999999999998
0.41965517241379313,0.8460000000000001
0.41965517241379313,0.884
0.41965517241379313,0.8695
0.41965517241379313,0.8569999999999999
0.41965517241379313,0.8654999999999999
0.41965517241379313,0.8604999999999998
0.41965517241379313,0.8865000000000001
0.41965517241379313,0.8845000000000001
0.41965517241379313,0.8775000000000001
0.41965517241379313,0.8634999999999999
0.41965517241379313,0.8665
0.41965517241379313,0.867
0.41965517241379313,0.877
0.41965517241379313,0.8584999999999999
0.41965517241379313,0.8790000000000001
0.41965517241379313,0.8719999999999999
0.41965517241379313,0.8760000000000001
0.41965517241379313,0.8725000000000002
0.41965517241379313,0.8829999999999998
0.4537931034482759,0.865
0.4537931034482759,0.8654999999999999
0.4537931034482759,0.8770000000000001
0.4537931034482759,0.884
0.4537931034482759,0.8574999999999999
0.4537931034482759,0.8815000000000002
0.4537931034482759,0.8789999999999999
0.4537931034482759,0.8869999999999999
0.4537931034482759,0.883
0.4537931034482759,0.883
0.4537931034482759,0.8819999999999999
0.4537931034482759,0.8775000000000001
0.4537931034482759,0.8790000000000001
0.4537931034482759,0.8789999999999999
0.4537931034482759,0.86
0.4537931034482759,0.8515
0.4537931034482759,0.868
0.4537931034482759,0.8870000000000001
0.4537931034482759,0.8639999999999999
0.4537931034482759,0.8700000000000001
0.4537931034482759,0.8790000000000001
0.4537931034482759,0.8785000000000001
0.4537931034482759,0.884
0.4537931034482759,0.858
0.4537931034482759,0.8905
0.4537931034482759,0.85
0.4537931034482759,0.8755000000000001
0.4537931034482759,0.8795
0.4537931034482759,0.8595
0.4537931034482759,0.8709999999999999
0.4537931034482759,0.8615
0.4537931034482759,0.8535
0.4537931034482759,0.8724999999999999
0.4537931034482759,0.8694999999999998
0.4537931034482759,0.8595
0.4537931034482759,0.8654999999999999
0.4537931034482759,0.8744999999999999
0.4537931034482759,0.8764999999999998
0.4537931034482759,0.89
0.4537931034482759,0.876
0.4537931034482759,0.8639999999999999
0.4537931034482759,0.8755000000000001
0.4537931034482759,0.8780000000000001
0.4537931034482759,0.8749999999999998
0.4537931034482759,0.8625
0.4537931034482759,0.8750000000000002
0.4537931034482759,0.8805
0.4537931034482759,0.8875000000000002
0.4537931034482759,0.8765000000000001
0.4537931034482759,0.8865000000000002
0.48793103448275865,0.8634999999999999
0.48793103448275865,0.8675
0.48793103448275865,0.8924999999999998
0.48793103448275865,0.883
0.48793103448275865,0.884
0.48793103448275865,0.881
0.48793103448275865,0.8855000000000001
0.48793103448275865,0.8895
0.48793103448275865,0.876
0.48793103448275865,0.8844999999999998
0.48793103448275865,0.8795
0.48793103448275865,0.877
0.48793103448275865,0.883
0.48793103448275865,0.8845000000000001
0.48793103448275865,0.8640000000000001
0.48793103448275865,0.8720000000000001
0.48793103448275865,0.8589999999999998
0.48793103448275865,0.8924999999999998
0.48793103448275865,0.8779999999999999
0.48793103448275865,0.877
0.48793103448275865,0.8900000000000002
0.48793103448275865,0.8880000000000001
0.48793103448275865,0.8549999999999999
0.48793103448275865,0.8704999999999998
0.48793103448275865,0.8925000000000001
0.48793103448275865,0.8720000000000001
0.48793103448275865,0.8739999999999999
0.48793103448275865,0.8800000000000001
0.48793103448275865,0.8764999999999998
0.48793103448275865,0.869
0.48793103448275865,0.8654999999999999
0.48793103448275865,0.8695000000000002
0.48793103448275865,0.8870000000000001
0.48793103448275865,0.8710000000000001
0.48793103448275865,0.8795
0.48793103448275865,0.869
0.48793103448275865,0.8785000000000001
0.48793103448275865,0.8899999999999999
0.48793103448275865,0.8905
0.48793103448275865,0.885
0.48793103448275865,0.874
0.48793103448275865,0.8925000000000001
0.48793103448275865,0.8775000000000001
0.48793103448275865,0.885
0.48793103448275865,0.8924999999999998
0.48793103448275865,0.8875
0.48793103448275865,0.8705
0.48793103448275865,0.8700000000000001
0.48793103448275865,0.882
0.48793103448275865,0.8939999999999999
0.5220689655172415,0.8694999999999998
0.5220689655172415,0.8785000000000001
0.5220689655172415,0.8859999999999999
0.5220689655172415,0.8915000000000001
0.5220689655172415,0.8885000000000002
0.5220689655172415,0.8880000000000001
0.5220689655172415,0.9
0.5220689655172415,0.8959999999999999
0.5220689655172415,0.883
0.5220689655172415,0.8915
0.5220689655172415,0.885
0.5220689655172415,0.8854999999999998
0.5220689655172415,0.899
0.5220689655172415,0.8915000000000001
0.5220689655172415,0.876
0.5220689655172415,0.8744999999999999
0.5220689655172415,0.8724999999999999
0.5220689655172415,0.8910000000000002
0.5220689655172415,0.8755
0.5220689655172415,0.8755000000000001
0.5220689655172415,0.89
0.5220689655172415,0.8955000000000002
0.5220689655172415,0.868
0.5220689655172415,0.876
0.5220689655172415,0.9040000000000001
0.5220689655172415,0.8705000000000002
0.5220689655172415,0.883
0.5220689655172415,0.8989999999999998
0.5220689655172415,0.8850000000000001
0.5220689655172415,0.8854999999999998
0.5220689655172415,0.8805000000000002
0.5220689655172415,0.873
0.5220689655172415,0.883
0.5220689655172415,0.892
0.5220689655172415,0.8880000000000001
0.5220689655172415,0.8845000000000001
0.5220689655172415,0.884
0.5220689655172415,0.8975
0.5220689655172415,0.8995
0.5220689655172415,0.8924999999999998
0.5220689655172415,0.8795
0.5220689655172415,0.8795
0.5220689655172415,0.883
0.5220689655172415,0.8915
0.5220689655172415,0.8860000000000001
0.5220689655172415,0.8925000000000001
0.5220689655172415,0.8770000000000001
0.5220689655172415,0.898
0.5220689655172415,0.893
0.5220689655172415,0.901
0.5562068965517242,0.8795
0.5562068965517242,0.8905000000000001
0.5562068965517242,0.8965
0.5562068965517242,0.9015000000000001
0.5562068965517242,0.8979999999999999
0.5562068965517242,0.8945000000000002
0.5562068965517242,0.8955
0.5562068965517242,0.8995
0.5562068965517242,0.8869999999999999
0.5562068965517242,0.8900000000000002
0.5562068965517242,0.901
0.5562068965517242,0.8985000000000001
0.5562068965517242,0.8950000000000001
0.5562068965517242,0.899
0.5562068965517242,0.8875
0.5562068965517242,0.8695
0.5562068965517242,0.8975000000000002
0.5562068965517242,0.8995
0.5562068965517242,0.8905000000000001
0.5562068965517242,0.8935000000000001
0.5562068965517242,0.9
0.5562068965517242,0.9025000000000001
0.5562068965517242,0.875
0.5562068965517242,0.876
0.5562068965517242,0.9025000000000001
0.5562068965517242,0.8985000000000001
0.5562068965517242,0.8779999999999999
0.5562068965517242,0.898
0.5562068965517242,0.8885
0.5562068965517242,0.8869999999999999
0.5562068965517242,0.8940000000000001
0.5562068965517242,0.8840000000000001
0.5562068965517242,0.8959999999999999
0.5562068965517242,0.882
0.5562068965517242,0.8879999999999999
0.5562068965517242,0.8879999999999999
0.5562068965517242,0.8869999999999999
0.5562068965517242,0.9010000000000001
0.5562068965517242,0.9025000000000001
0.5562068965517242,0.8975
0.5562068965517242,0.8714999999999999
0.5562068965517242,0.8960000000000001
0.5562068965517242,0.8875
0.5562068965517242,0.9005000000000001
0.5562068965517242,0.892
0.5562068965517242,0.8870000000000001
0.5562068965517242,0.885
0.5562068965517242,0.9030000000000001
0.5562068965517242,0.891
0.5562068965517242,0.9075
0.5903448275862069,0.8835000000000001
0.5903448275862069,0.8925000000000001
0.5903448275862069,0.9035000000000002
0.5903448275862069,0.9
0.5903448275862069,0.8944999999999999
0.5903448275862069,0.9004999999999999
0.5903448275862069,0.9070000000000003
0.5903448275862069,0.9075
0.5903448275862069,0.8974999999999997
0.5903448275862069,0.8960000000000001
0.5903448275862069,0.9010000000000001
0.5903448275862069,0.8995000000000003
0.5903448275862069,0.9015000000000001
0.5903448275862069,0.899
0.5903448275862069,0.8809999999999999
0.5903448275862069,0.9055
0.5903448275862069,0.901
0.5903448275862069,0.9039999999999999
0.5903448275862069,0.9025000000000001
0.5903448275862069,0.8825
0.5903448275862069,0.8995
0.5903448275862069,0.9089999999999998
0.5903448275862069,0.8885
0.5903448275862069,0.8965
0.5903448275862069,0.914
0.5903448275862069,0.8895000000000002
0.5903448275862069,0.8845000000000001
0.5903448275862069,0.9029999999999999
0.5903448275862069,0.8915000000000001
0.5903448275862069,0.8949999999999999
0.5903448275862069,0.9025000000000001
0.5903448275862069,0.899
0.5903448275862069,0.9004999999999999
0.5903448275862069,0.8875000000000002
0.5903448275862069,0.9035000000000002
0.5903448275862069,0.8945000000000001
0.5903448275862069,0.8889999999999999
0.5903448275862069,0.9055
0.5903448275862069,0.9105000000000001
0.5903448275862069,0.9
0.5903448275862069,0.897
0.5903448275862069,0.9000000000000001
0.5903448275862069,0.9025000000000001
0.5903448275862069,0.9045
0.5903448275862069,0.9040000000000001
0.5903448275862069,0.8969999999999999
0.5903448275862069,0.8625
0.5903448275862069,0.9075000000000001
0.5903448275862069,0.9025000000000001
0.5903448275862069,0.9125
0.6244827586206897,0.8875
0.6244827586206897,0.9025000000000001
0.6244827586206897,0.9145
0.6244827586206897,0.9104999999999999
0.6244827586206897,0.9059999999999999
0.6244827586206897,0.9045
0.6244827586206897,0.9165000000000003
0.6244827586206897,0.9109999999999999
0.6244827586206897,0.9070000000000003
0.6244827586206897,0.9080000000000001
0.6244827586206897,0.8995
0.6244827586206897,0.915
0.6244827586206897,0.9099999999999998
0.6244827586206897,0.898
0.6244827586206897,0.8979999999999999
0.6244827586206897,0.9045
0.6244827586206897,0.9075000000000001
0.6244827586206897,0.8995000000000001
0.6244827586206897,0.9065
0.6244827586206897,0.897
0.6244827586206897,0.9110000000000001
0.6244827586206897,0.9129999999999999
0.6244827586206897,0.9050000000000002
0.6244827586206897,0.8815
0.6244827586206897,0.9164999999999999
0.6244827586206897,0.884
0.6244827586206897,0.8850000000000001
0.6244827586206897,0.9045
0.6244827586206897,0.9035000000000002
0.6244827586206897,0.9035000000000002
0.6244827586206897,0.9055000000000002
0.6244827586206897,0.8995000000000003
0.6244827586206897,0.9065000000000001
0.6244827586206897,0.8949999999999999
0.6244827586206897,0.9025000000000001
0.6244827586206897,0.9024999999999999
0.6244827586206897,0.9060000000000002
0.6244827586206897,0.9119999999999999
0.6244827586206897,0.9105000000000001
0.6244827586206897,0.907
0.6244827586206897,0.9015000000000001
0.6244827586206897,0.907
0.6244827586206897,0.9039999999999999
0.6244827586206897,0.9059999999999999
0.6244827586206897,0.8939999999999999
0.6244827586206897,0.8909999999999998
0.6244827586206897,0.8985000000000001
0.6244827586206897,0.9135000000000002
0.6244827586206897,0.9025000000000002
0.6244827586206897,0.917
0.6586206896551725,0.8915000000000001
0.6586206896551725,0.9135
0.6586206896551725,0.9215
0.6586206896551725,0.9075000000000001
0.6586206896551725,0.9065
0.6586206896551725,0.9120000000000001
0.6586206896551725,0.9205
0.6586206896551725,0.9200000000000002
0.6586206896551725,0.9095000000000002
0.6586206896551725,0.9120000000000001
0.6586206896551725,0.9135
0.6586206896551725,0.9135
0.6586206896551725,0.914
0.6586206896551725,0.9065000000000001
0.6586206896551725,0.9065
0.6586206896551725,0.9119999999999999
0.6586206896551725,0.9055000000000002
0.6586206896551725,0.8975
0.6586206896551725,0.9120000000000001
0.6586206896551725,0.8925000000000001
0.6586206896551725,0.9069999999999998
0.6586206896551725,0.9175000000000001
0.6586206896551725,0.9125000000000002
0.6586206896551725,0.9094999999999999
0.6586206896551725,0.921
0.6586206896551725,0.9115000000000002
0.6586206896551725,0.9120000000000001
0.6586206896551725,0.9219999999999999
0.6586206896551725,0.9035
0.6586206896551725,0.891
0.6586206896551725,0.9150000000000003
0.6586206896551725,0.908
0.6586206896551725,0.9160000000000001
0.6586206896551725,0.9115
0.6586206896551725,0.9070000000000003
0.6586206896551725,0.9
0.6586206896551725,0.8995000000000001
0.6586206896551725,0.9164999999999999
0.6586206896551725,0.906
0.6586206896551725,0.9105000000000001
0.6586206896551725,0.9079999999999998
0.6586206896551725,0.9045000000000002
0.6586206896551725,0.9120000000000001
0.6586206896551725,0.915
0.6586206896551725,0.9010000000000001
0.6586206896551725,0.9110000000000001
0.6586206896551725,0.9075000000000001
0.6586206896551725,0.9125
0.6586206896551725,0.9100000000000001
0.6586206896551725,0.924
0.6927586206896552,0.9070000000000003
0.6927586206896552,0.9125
0.6927586206896552,0.9215
0.6927586206896552,0.9180000000000001
0.6927586206896552,0.9125000000000002
0.6927586206896552,0.9095000000000001
0.6927586206896552,0.9215
0.6927586206896552,0.9200000000000002
0.6927586206896552,0.9125000000000002
0.6927586206896552,0.9170000000000001
0.6927586206896552,0.9190000000000002
0.6927586206896552,0.9225
0.6927586206896552,0.9045
0.6927586206896552,0.9155
0.6927586206896552,0.9095000000000001
0.6927586206896552,0.909
0.6927586206896552,0.9245000000000001
0.6927586206896552,0.9195000000000002
0.6927586206896552,0.9209999999999999
0.6927586206896552,0.908
0.6927586206896552,0.9145000000000001
0.6927586206896552,0.9200000000000002
0.6927586206896552,0.9
0.6927586206896552,0.8965
0.6927586206896552,0.9225
0.6927586206896552,0.9205
0.6927586206896552,0.9145
0.6927586206896552,0.9205000000000002
0.6927586206896552,0.9075
0.6927586206896552,0.906
0.6927586206896552,0.921
0.6927586206896552,0.9115
0.6927586206896552,0.9185000000000001
0.6927586206896552,0.914
0.6927586206896552,0.9105000000000001
0.6927586206896552,0.9075000000000001
0.6927586206896552,0.9145
0.6927586206896552,0.9210000000000003
0.6927586206896552,0.9179999999999999
0.6927586206896552,0.9105000000000001
0.6927586206896552,0.906
0.6927586206896552,0.9079999999999998
0.6927586206896552,0.913
0.6927586206896552,0.9190000000000002
0.6927586206896552,0.9094999999999999
0.6927586206896552,0.9155000000000003
0.6927586206896552,0.9090000000000001
0.6927586206896552,0.9155
0.6927586206896552,0.9185000000000002
0.6927586206896552,0.922
0.7268965517241379,0.9114999999999999
0.7268965517241379,0.9200000000000003
0.7268965517241379,0.9275
0.7268965517241379,0.9199999999999999
0.7268965517241379,0.9204999999999999
0.7268965517241379,0.9145
0.7268965517241379,0.9265000000000001
0.7268965517241379,0.922
0.7268965517241379,0.9235000000000001
0.7268965517241379,0.9205000000000002
0.7268965517241379,0.9185000000000001
0.7268965517241379,0.9235000000000001
0.7268965517241379,0.9195000000000002
0.7268965517241379,0.9175000000000001
0.7268965517241379,0.9165000000000003
0.7268965517241379,0.9100000000000001
0.7268965517241379,0.9190000000000002
0.7268965517241379,0.914
0.7268965517241379,0.9240000000000002
0.7268965517241379,0.9209999999999999
0.7268965517241379,0.922
0.7268965517241379,0.9199999999999999
0.7268965517241379,0.9200000000000002
0.7268965517241379,0.8865000000000001
0.7268965517241379,0.9255000000000001
0.7268965517241379,0.9215000000000002
0.7268965517241379,0.922
0.7268965517241379,0.9219999999999999
0.7268965517241379,0.9205000000000002
0.7268965517241379,0.9174999999999999
0.7268965517241379,0.9174999999999999
0.7268965517241379,0.9180000000000001
0.7268965517241379,0.9200000000000002
0.7268965517241379,0.9134999999999998
0.7268965517241379,0.9129999999999999
0.7268965517241379,0.9135
0.7268965517241379,0.9155000000000001
0.7268965517241379,0.925
0.7268965517241379,0.9295
0.7268965517241379,0.9199999999999999
0.7268965517241379,0.9040000000000001
0.7268965517241379,0.9164999999999999
0.7268965517241379,0.9179999999999999
0.7268965517241379,0.9189999999999999
0.7268965517241379,0.9164999999999999
0.7268965517241379,0.9165000000000001
0.7268965517241379,0.9160000000000001
0.7268965517241379,0.9235000000000001
0.7268965517241379,0.9185000000000001
0.7268965517241379,0.925
0.7610344827586207,0.9140000000000003
0.7610344827586207,0.9189999999999999
0.7610344827586207,0.93
0.7610344827586207,0.9235000000000001
0.7610344827586207,0.921
0.7610344827586207,0.922
0.7610344827586207,0.9324999999999999
0.7610344827586207,0.933
0.7610344827586207,0.9265000000000001
0.7610344827586207,0.9235000000000001
0.7610344827586207,0.924
0.7610344827586207,0.932
0.7610344827586207,0.9235000000000001
0.7610344827586207,0.9205000000000002
0.7610344827586207,0.917
0.7610344827586207,0.9215000000000002
0.7610344827586207,0.9305
0.7610344827586207,0.923
0.7610344827586207,0.922
0.7610344827586207,0.9265000000000001
0.7610344827586207,0.9189999999999998
0.7610344827586207,0.9269999999999999
0.7610344827586207,0.9250000000000002
0.7610344827586207,0.9075
0.7610344827586207,0.9285000000000002
0.7610344827586207,0.9155000000000001
0.7610344827586207,0.9285
0.7610344827586207,0.9255000000000001
0.7610344827586207,0.9239999999999998
0.7610344827586207,0.9190000000000002
0.7610344827586207,0.9265000000000001
0.7610344827586207,0.925
0.7610344827586207,0.9120000000000001
0.7610344827586207,0.9230000000000003
0.7610344827586207,0.9225000000000001
0.7610344827586207,0.9215
0.7610344827586207,0.9209999999999999
0.7610344827586207,0.924
0.7610344827586207,0.93
0.7610344827586207,0.9260000000000002
0.7610344827586207,0.9179999999999999
0.7610344827586207,0.9215
0.7610344827586207,0.9255000000000001
0.7610344827586207,0.9280000000000002
0.7610344827586207,0.9275000000000002
0.7610344827586207,0.9225000000000001
0.7610344827586207,0.9189999999999999
0.7610344827586207,0.9235
0.7610344827586207,0.9269999999999999
0.7610344827586207,0.9285
0.7951724137931035,0.9135
0.7951724137931035,0.9269999999999999
0.7951724137931035,0.9329999999999998
0.7951724137931035,0.9264999999999999
0.7951724137931035,0.9315000000000001
0.7951724137931035,0.9225
0.7951724137931035,0.9375
0.7951724137931035,0.9339999999999999
0.7951724137931035,0.9280000000000002
0.7951724137931035,0.9235000000000001
0.7951724137931035,0.9334999999999999
0.7951724137931035,0.9275
0.7951724137931035,0.9335000000000001
0.7951724137931035,0.9265000000000002
0.7951724137931035,0.931
0.7951724137931035,0.932
0.7951724137931035,0.9325000000000001
0.7951724137931035,0.9195
0.7951724137931035,0.9279999999999999
0.7951724137931035,0.9340000000000002
0.7951724137931035,0.9280000000000002
0.7951724137931035,0.9279999999999999
0.7951724137931035,0.9205
0.7951724137931035,0.9285
0.7951724137931035,0.931
0.7951724137931035,0.9164999999999999
0.7951724137931035,0.9295
0.7951724137931035,0.9315000000000001
0.7951724137931035,0.9295
0.7951724137931035,0.924
0.7951724137931035,0.9335000000000001
0.7951724137931035,0.9324999999999999
0.7951724137931035,0.929
0.7951724137931035,0.922
0.7951724137931035,0.929
0.7951724137931035,0.9305000000000001
0.7951724137931035,0.9295
0.7951724137931035,0.9324999999999999
0.7951724137931035,0.9330000000000002
0.7951724137931035,0.932
0.7951724137931035,0.9215
0.7951724137931035,0.9215000000000002
0.7951724137931035,0.933
0.7951724137931035,0.9295
0.7951724137931035,0.9259999999999999
0.7951724137931035,0.9270000000000003
0.7951724137931035,0.922
0.7951724137931035,0.929
0.7951724137931035,0.9225000000000001
0.7951724137931035,0.9405000000000001
0.8293103448275863,0.93
0.8293103448275863,0.9270000000000002
0.8293103448275863,0.9385
0.8293103448275863,0.929
0.8293103448275863,0.9369999999999999
0.8293103448275863,0.929
0.8293103448275863,0.9350000000000002
0.8293103448275863,0.9335000000000001
0.8293103448275863,0.9334999999999999
0.8293103448275863,0.9295000000000002
0.8293103448275863,0.9295
0.8293103448275863,0.9375000000000002
0.8293103448275863,0.9294999999999998
0.8293103448275863,0.9315000000000001
0.8293103448275863,0.9159999999999998
0.8293103448275863,0.9279999999999999
0.8293103448275863,0.9330000000000002
0.8293103448275863,0.921
0.8293103448275863,0.931
0.8293103448275863,0.933
0.8293103448275863,0.9295000000000002
0.8293103448275863,0.9385
0.8293103448275863,0.933
0.8293103448275863,0.933
0.8293103448275863,0.9324999999999999
0.8293103448275863,0.9324999999999999
0.8293103448275863,0.9355000000000002
0.8293103448275863,0.9330000000000002
0.8293103448275863,0.9359999999999999
0.8293103448275863,0.937
0.8293103448275863,0.933
0.8293103448275863,0.9305
0.8293103448275863,0.9315000000000001
0.8293103448275863,0.931
0.8293103448275863,0.9245000000000001
0.8293103448275863,0.9269999999999999
0.8293103448275863,0.9324999999999999
0.8293103448275863,0.9350000000000002
0.8293103448275863,0.937
0.8293103448275863,0.929
0.8293103448275863,0.9295
0.8293103448275863,0.937
0.8293103448275863,0.9365000000000002
0.8293103448275863,0.9385
0.8293103448275863,0.9335000000000001
0.8293103448275863,0.9339999999999999
0.8293103448275863,0.9215000000000002
0.8293103448275863,0.9270000000000002
0.8293103448275863,0.9269999999999999
0.8293103448275863,0.937
0.863448275862069,0.9265000000000002
0.863448275862069,0.9400000000000001
0.863448275862069,0.9404999999999999
0.863448275862069,0.9385000000000001
0.863448275862069,0.9324999999999999
0.863448275862069,0.93
0.863448275862069,0.9410000000000001
0.863448275862069,0.9409999999999998
0.863448275862069,0.9345000000000002
0.863448275862069,0.9315000000000001
0.863448275862069,0.9280000000000002
0.863448275862069,0.938
0.863448275862069,0.929
0.863448275862069,0.9365000000000002
0.863448275862069,0.937
0.863448275862069,0.9360000000000002
0.863448275862069,0.9359999999999999
0.863448275862069,0.9300000000000003
0.863448275862069,0.937
0.863448275862069,0.9390000000000001
0.863448275862069,0.9305000000000001
0.863448275862069,0.942
0.863448275862069,0.9365
0.863448275862069,0.9344999999999999
0.863448275862069,0.9360000000000002
0.863448275862069,0.9435
0.863448275862069,0.9335000000000001
0.863448275862069,0.9400000000000001
0.863448275862069,0.9405000000000001
0.863448275862069,0.9294999999999998
0.863448275862069,0.9385
0.863448275862069,0.9329999999999998
0.863448275862069,0.9325000000000001
0.863448275862069,0.9315
0.863448275862069,0.9360000000000002
0.863448275862069,0.9334999999999999
0.863448275862069,0.9330000000000002
0.863448275862069,0.9335000000000001
0.863448275862069,0.943
0.863448275862069,0.9350000000000002
0.863448275862069,0.9339999999999999
0.863448275862069,0.9415000000000001
0.863448275862069,0.9385
0.863448275862069,0.9360000000000002
0.863448275862069,0.9404999999999999
0.863448275862069,0.9325000000000001
0.863448275862069,0.9285
0.863448275862069,0.9435
0.863448275862069,0.9335000000000001
0.863448275862069,0.9410000000000001
0.8975862068965518,0.9349999999999999
0.8975862068965518,0.9390000000000001
0.8975862068965518,0.9390000000000001
0.8975862068965518,0.9380000000000001
0.8975862068965518,0.946
0.8975862068965518,0.9285
0.8975862068965518,0.9415000000000002
0.8975862068965518,0.9435
0.8975862068965518,0.9345000000000001
0.8975862068965518,0.933
0.8975862068965518,0.9400000000000001
0.8975862068965518,0.9405000000000001
0.8975862068965518,0.9455
0.8975862068965518,0.943
0.8975862068965518,0.9465000000000001
0.8975862068965518,0.9375
0.8975862068965518,0.942
0.8975862068965518,0.9355
0.8975862068965518,0.9435
0.8975862068965518,0.9414999999999999
0.8975862068965518,0.9355000000000002
0.8975862068965518,0.9425000000000001
0.8975862068965518,0.9339999999999999
0.8975862068965518,0.9390000000000001
0.8975862068965518,0.942
0.8975862068965518,0.946
0.8975862068965518,0.9395
0.8975862068965518,0.943
0.8975862068965518,0.9400000000000001
0.8975862068965518,0.9295
0.8975862068965518,0.9415000000000001
0.8975862068965518,0.9380000000000001
0.8975862068965518,0.9385
0.8975862068965518,0.9375
0.8975862068965518,0.9369999999999999
0.8975862068965518,0.9410000000000001
0.8975862068965518,0.9385
0.8975862068965518,0.9475000000000001
0.8975862068965518,0.9460000000000001
0.8975862068965518,0.9425000000000002
0.8975862068965518,0.9365
0.8975862068965518,0.9430000000000002
0.8975862068965518,0.9395000000000001
0.8975862068965518,0.9410000000000001
0.8975862068965518,0.942
0.8975862068965518,0.9330000000000002
0.8975862068965518,0.9335000000000001
0.8975862068965518,0.9360000000000002
0.8975862068965518,0.9335000000000001
0.8975862068965518,0.951
0.9317241379310346,0.9415000000000001
0.9317241379310346,0.9410000000000001
0.9317241379310346,0.9470000000000001
0.9317241379310346,0.9420000000000002
0.9317241379310346,0.9390000000000001
0.9317241379310346,0.9320000000000002
0.9317241379310346,0.9550000000000001
0.9317241379310346,0.945
0.9317241379310346,0.9400000000000001
0.9317241379310346,0.9390000000000001
0.9317241379310346,0.9484999999999999
0.9317241379310346,0.9414999999999999
0.9317241379310346,0.944
0.9317241379310346,0.9414999999999999
0.9317241379310346,0.9470000000000001
0.9317241379310346,0.9430000000000002
0.9317241379310346,0.942
0.9317241379310346,0.9455
0.9317241379310346,0.943
0.9317241379310346,0.9465
0.9317241379310346,0.9410000000000001
0.9317241379310346,0.9425000000000002
0.9317241379310346,0.9340000000000002
0.9317241379310346,0.9410000000000002
0.9317241379310346,0.9385
0.9317241379310346,0.9284999999999999
0.9317241379310346,0.9490000000000002
0.9317241379310346,0.9470000000000001
0.9317241379310346,0.9465
0.9317241379310346,0.9359999999999999
0.9317241379310346,0.9485000000000001
0.9317241379310346,0.9445
0.9317241379310346,0.9390000000000001
0.9317241379310346,0.9385000000000001
0.9317241379310346,0.946
0.9317241379310346,0.9400000000000001
0.9317241379310346,0.9395000000000001
0.9317241379310346,0.944
0.9317241379310346,0.9500000000000002
0.9317241379310346,0.9410000000000001
0.9317241379310346,0.943
0.9317241379310346,0.95
0.9317241379310346,0.9434999999999999
0.9317241379310346,0.9410000000000001
0.9317241379310346,0.9375
0.9317241379310346,0.9390000000000001
0.9317241379310346,0.9385
0.9317241379310346,0.9470000000000001
0.9317241379310346,0.9445
0.9317241379310346,0.9480000000000001
0.9658620689655173,0.9444999999999999
0.9658620689655173,0.9469999999999998
0.9658620689655173,0.9434999999999999
0.9658620689655173,0.9415000000000001
0.9658620689655173,0.9490000000000001
0.9658620689655173,0.9445
0.9658620689655173,0.9515
0.9658620689655173,0.9445
0.9658620689655173,0.9405000000000001
0.9658620689655173,0.937
0.9658620689655173,0.942
0.9658620689655173,0.9444999999999999
0.9658620689655173,0.9535
0.9658620689655173,0.9465
0.9658620689655173,0.931
0.9658620689655173,0.9495000000000001
0.9658620689655173,0.945
0.9658620689655173,0.9420000000000002
0.9658620689655173,0.9400000000000002
0.9658620689655173,0.9465
0.9658620689655173,0.9460000000000001
0.9658620689655173,0.9484999999999999
0.9658620689655173,0.9410000000000001
0.9658620689655173,0.9390000000000001
0.9658620689655173,0.9410000000000001
0.9658620689655173,0.9545
0.9658620689655173,0.9499999999999998
0.9658620689655173,0.9490000000000001
0.9658620689655173,0.9470000000000001
0.9658620689655173,0.9424999999999999
0.9658620689655173,0.9469999999999998
0.9658620689655173,0.9490000000000002
0.9658620689655173,0.943
0.9658620689655173,0.9400000000000001
0.9658620689655173,0.9469999999999998
0.9658620689655173,0.95
0.9658620689655173,0.9389999999999998
0.9658620689655173,0.942
0.9658620689655173,0.952
0.9658620689655173,0.9425000000000001
0.9658620689655173,0.9515
0.9658620689655173,0.9484999999999999
0.9658620689655173,0.9450000000000001
0.9658620689655173,0.9470000000000001
0.9658620689655173,0.9465
0.9658620689655173,0.9395
0.9658620689655173,0.9390000000000001
0.9658620689655173,0.9470000000000003
0.9658620689655173,0.9375000000000002
0.9658620689655173,0.9480000000000001
1.0,0.9435
1.0,0.9455000000000002
1.0,0.9455000000000002
1.0,0.9460000000000001
1.0,0.9489999999999998
1.0,0.9365
1.0,0.9535
1.0,0.9470000000000001
1.0,0.9410000000000001
1.0,0.9484999999999999
1.0,0.9470000000000001
1.0,0.9550000000000003
1.0,0.9445
1.0,0.952
1.0,0.9525
1.0,0.9445
1.0,0.9420000000000002
1.0,0.9424999999999999
1.0,0.9584999999999999
1.0,0.9434999999999999
1.0,0.944
1.0,0.9470000000000001
1.0,0.9420000000000002
1.0,0.9545
1.0,0.9464999999999998
1.0,0.9460000000000001
1.0,0.9430000000000002
1.0,0.95
1.0,0.9550000000000001
1.0,0.942
1.0,0.9444999999999999
1.0,0.9475
1.0,0.9425000000000001
1.0,0.95
1.0,0.9385000000000001
1.0,0.9520000000000002
1.0,0.9469999999999998
1.0,0.9480000000000001
1.0,0.9555
1.0,0.95
1.0,0.9425000000000001
1.0,0.9535000000000002
1.0,0.9465000000000001
1.0,0.95
1.0,0.9480000000000001
1.0,0.9395
1.0,0.9415000000000001
1.0,0.9395
1.0,0.9425000000000001
1.0,0.9470000000000001
