decay,Recycle_Rate
0.01,0.7263157894736842
0.01,0.703157894736842
0.01,0.7315789473684211
0.01,0.7252631578947367
0.01,0.7394736842105262
0.01,0.7278947368421054
0.01,0.7257894736842105
0.01,0.7194736842105263
0.01,0.7052631578947369
0.01,0.7052631578947368
0.01,0.7247368421052631
0.01,0.7336842105263158
0.01,0.7142105263157894
0.01,0.7389473684210526
0.01,0.7173684210526314
0.01,0.7168421052631581
0.01,0.7242105263157895
0.01,0.7389473684210526
0.01,0.7215789473684211
0.01,0.7352631578947368
0.01,0.7294736842105263
0.01,0.7389473684210526
0.01,0.7263157894736842
0.01,0.7194736842105263
0.01,0.7426315789473684
0.01,0.7357894736842105
0.01,0.7094736842105263
0.01,0.7336842105263157
0.01,0.7221052631578948
0.01,0.7284210526315789
0.01,0.7278947368421053
0.01,0.7331578947368422
0.01,0.7173684210526315
0.01,0.7131578947368421
0.01,0.751578947368421
0.01,0.7247368421052631
0.01,0.7157894736842105
0.01,0.7094736842105263
0.01,0.7126315789473685
0.01,0.7247368421052631
0.01,0.7284210526315789
0.01,0.7026315789473684
0.01,0.7052631578947369
0.01,0.7221052631578947
0.01,0.741578947368421
0.01,0.7252631578947369
0.01,0.7157894736842106
0.01,0.7105263157894737
0.01,0.726842105263158
0.01,0.7405263157894737
0.04413793103448276,0.7305263157894737
0.04413793103448276,0.7226315789473685
0.04413793103448276,0.7510526315789473
0.04413793103448276,0.7236842105263157
0.04413793103448276,0.7163157894736842
0.04413793103448276,0.7221052631578947
0.04413793103448276,0.7100000000000001
0.04413793103448276,0.7273684210526316
0.04413793103448276,0.7073684210526316
0.04413793103448276,0.7142105263157894
0.04413793103448276,0.7473684210526316
0.04413793103448276,0.7242105263157894
0.04413793103448276,0.7326315789473684
0.04413793103448276,0.74
0.04413793103448276,0.7205263157894737
0.04413793103448276,0.7410526315789473
0.04413793103448276,0.7110526315789474
0.04413793103448276,0.7405263157894738
0.04413793103448276,0.7342105263157895
0.04413793103448276,0.721578947368421
0.04413793103448276,0.7373684210526316
0.04413793103448276,0.7415789473684211
0.04413793103448276,0.7326315789473684
0.04413793103448276,0.7189473684210526
0.04413793103448276,0.7331578947368421
0.04413793103448276,0.7247368421052632
0.04413793103448276,0.7457894736842106
0.04413793103448276,0.7473684210526317
0.04413793103448276,0.7284210526315789
0.04413793103448276,0.7152631578947369
0.04413793103448276,0.7257894736842105
0.04413793103448276,0.7236842105263157
0.04413793103448276,0.7152631578947368
0.04413793103448276,0.7173684210526315
0.04413793103448276,0.7294736842105263
0.04413793103448276,0.7194736842105263
0.04413793103448276,0.7363157894736841
0.04413793103448276,0.7194736842105263
0.04413793103448276,0.7026315789473683
0.04413793103448276,0.7189473684210526
0.04413793103448276,0.7136842105263158
0.04413793103448276,0.7321052631578947
0.04413793103448276,0.7131578947368421
0.04413793103448276,0.7142105263157894
0.04413793103448276,0.7468421052631579
0.04413793103448276,0.7557894736842106
0.04413793103448276,0.7068421052631578
0.04413793103448276,0.7099999999999999
0.04413793103448276,0.726842105263158
0.04413793103448276,0.745263157894737
0.07827586206896552,0.726842105263158
0.07827586206896552,0.7094736842105263
0.07827586206896552,0.7226315789473684
0.07827586206896552,0.7294736842105263
0.07827586206896552,0.7215789473684211
0.07827586206896552,0.726842105263158
0.07827586206896552,0.7336842105263157
0.07827586206896552,0.7378947368421054
0.07827586206896552,0.7210526315789474
0.07827586206896552,0.7310526315789475
0.07827586206896552,0.7236842105263157
0.07827586206896552,0.7421052631578948
0.07827586206896552,0.7357894736842107
0.07827586206896552,0.7205263157894736
0.07827586206896552,0.7142105263157896
0.07827586206896552,0.7200000000000001
0.07827586206896552,0.708421052631579
0.07827586206896552,0.7394736842105263
0.07827586206896552,0.7221052631578947
0.07827586206896552,0.7152631578947368
0.07827586206896552,0.708421052631579
0.07827586206896552,0.7247368421052631
0.07827586206896552,0.73
0.07827586206896552,0.7163157894736842
0.07827586206896552,0.7547368421052632
0.07827586206896552,0.7052631578947369
0.07827586206896552,0.7431578947368419
0.07827586206896552,0.7389473684210527
0.07827586206896552,0.7131578947368422
0.07827586206896552,0.7310526315789473
0.07827586206896552,0.7268421052631578
0.07827586206896552,0.7063157894736843
0.07827586206896552,0.7194736842105263
0.07827586206896552,0.734736842105263
0.07827586206896552,0.718421052631579
0.07827586206896552,0.713157894736842
0.07827586206896552,0.743157894736842
0.07827586206896552,0.7205263157894738
0.07827586206896552,0.7052631578947368
0.07827586206896552,0.7226315789473684
0.07827586206896552,0.726842105263158
0.07827586206896552,0.708421052631579
0.07827586206896552,0.7173684210526317
0.07827586206896552,0.7105263157894737
0.07827586206896552,0.7236842105263158
0.07827586206896552,0.7310526315789473
0.07827586206896552,0.7384210526315791
0.07827586206896552,0.718421052631579
0.07827586206896552,0.7378947368421052
0.07827586206896552,0.7689473684210526
0.11241379310344828,0.7247368421052631
0.11241379310344828,0.7247368421052631
0.11241379310344828,0.7363157894736843
0.11241379310344828,0.7342105263157894
0.11241379310344828,0.7189473684210526
0.11241379310344828,0.7478947368421052
0.11241379310344828,0.7405263157894738
0.11241379310344828,0.7336842105263157
0.11241379310344828,0.7152631578947368
0.11241379310344828,0.7257894736842104
0.11241379310344828,0.7347368421052631
0.11241379310344828,0.7115789473684211
0.11241379310344828,0.7431578947368421
0.11241379310344828,0.7336842105263157
0.11241379310344828,0.731578947368421
0.11241379310344828,0.734736842105263
0.11241379310344828,0.7031578947368421
0.11241379310344828,0.743157894736842
0.11241379310344828,0.7336842105263157
0.11241379310344828,0.7210526315789474
0.11241379310344828,0.7126315789473685
0.11241379310344828,0.7284210526315789
0.11241379310344828,0.7247368421052631
0.11241379310344828,0.7226315789473683
0.11241379310344828,0.7699999999999999
0.11241379310344828,0.7368421052631579
0.11241379310344828,0.7315789473684211
0.11241379310344828,0.736842105263158
0.11241379310344828,0.7410526315789474
0.11241379310344828,0.7152631578947368
0.11241379310344828,0.7210526315789473
0.11241379310344828,0.7021052631578948
0.11241379310344828,0.7494736842105263
0.11241379310344828,0.7184210526315788
0.11241379310344828,0.7294736842105263
0.11241379310344828,0.7152631578947368
0.11241379310344828,0.7236842105263158
0.11241379310344828,0.7363157894736841
0.11241379310344828,0.7089473684210528
0.11241379310344828,0.7089473684210527
0.11241379310344828,0.7305263157894737
0.11241379310344828,0.7210526315789473
0.11241379310344828,0.7294736842105263
0.11241379310344828,0.7242105263157896
0.11241379310344828,0.7384210526315788
0.11241379310344828,0.7247368421052631
0.11241379310344828,0.7363157894736843
0.11241379310344828,0.7126315789473685
0.11241379310344828,0.75
0.11241379310344828,0.7226315789473683
0.14655172413793105,0.7305263157894737
0.14655172413793105,0.7205263157894737
0.14655172413793105,0.7352631578947368
0.14655172413793105,0.7342105263157894
0.14655172413793105,0.7273684210526316
0.14655172413793105,0.7342105263157895
0.14655172413793105,0.7305263157894737
0.14655172413793105,0.7373684210526317
0.14655172413793105,0.7389473684210527
0.14655172413793105,0.7342105263157894
0.14655172413793105,0.7568421052631578
0.14655172413793105,0.7315789473684211
0.14655172413793105,0.754736842105263
0.14655172413793105,0.7273684210526314
0.14655172413793105,0.7305263157894737
0.14655172413793105,0.7578947368421053
0.14655172413793105,0.7078947368421051
0.14655172413793105,0.7668421052631578
0.14655172413793105,0.701578947368421
0.14655172413793105,0.7052631578947368
0.14655172413793105,0.726842105263158
0.14655172413793105,0.7368421052631579
0.14655172413793105,0.726842105263158
0.14655172413793105,0.7389473684210526
0.14655172413793105,0.7389473684210526
0.14655172413793105,0.7205263157894737
0.14655172413793105,0.7573684210526316
0.14655172413793105,0.7257894736842104
0.14655172413793105,0.7294736842105264
0.14655172413793105,0.74
0.14655172413793105,0.7352631578947368
0.14655172413793105,0.7210526315789473
0.14655172413793105,0.7478947368421053
0.14655172413793105,0.7252631578947368
0.14655172413793105,0.7352631578947368
0.14655172413793105,0.7242105263157895
0.14655172413793105,0.7484210526315789
0.14655172413793105,0.7352631578947368
0.14655172413793105,0.6936842105263157
0.14655172413793105,0.7257894736842105
0.14655172413793105,0.7294736842105263
0.14655172413793105,0.7342105263157894
0.14655172413793105,0.7552631578947369
0.14655172413793105,0.7200000000000001
0.14655172413793105,0.73
0.14655172413793105,0.7336842105263158
0.14655172413793105,0.7436842105263157
0.14655172413793105,0.72
0.14655172413793105,0.743157894736842
0.14655172413793105,0.7447368421052631
0.1806896551724138,0.7615789473684211
0.1806896551724138,0.7257894736842105
0.1806896551724138,0.7357894736842104
0.1806896551724138,0.7563157894736842
0.1806896551724138,0.7236842105263157
0.1806896551724138,0.748421052631579
0.1806896551724138,0.7415789473684211
0.1806896551724138,0.7742105263157893
0.1806896551724138,0.7231578947368421
0.1806896551724138,0.7526315789473684
0.1806896551724138,0.7436842105263157
0.1806896551724138,0.7284210526315791
0.1806896551724138,0.7505263157894737
0.1806896551724138,0.7368421052631579
0.1806896551724138,0.7257894736842104
0.1806896551724138,0.7257894736842105
0.1806896551724138,0.7163157894736842
0.1806896551724138,0.7547368421052632
0.1806896551724138,0.7078947368421054
0.1806896551724138,0.7121052631578946
0.1806896551724138,0.7405263157894736
0.1806896551724138,0.7552631578947367
0.1806896551724138,0.7257894736842105
0.1806896551724138,0.7315789473684211
0.1806896551724138,0.7378947368421052
0.1806896551724138,0.7499999999999999
0.1806896551724138,0.7373684210526316
0.1806896551724138,0.7336842105263158
0.1806896551724138,0.7357894736842105
0.1806896551724138,0.7184210526315791
0.1806896551724138,0.7289473684210527
0.1806896551724138,0.701578947368421
0.1806896551724138,0.7321052631578948
0.1806896551724138,0.746842105263158
0.1806896551724138,0.744736842105263
0.1806896551724138,0.7289473684210527
0.1806896551724138,0.728421052631579
0.1806896551724138,0.74
0.1806896551724138,0.741578947368421
0.1806896551724138,0.7226315789473683
0.1806896551724138,0.7115789473684211
0.1806896551724138,0.7263157894736842
0.1806896551724138,0.7405263157894737
0.1806896551724138,0.7505263157894737
0.1806896551724138,0.7457894736842106
0.1806896551724138,0.7278947368421054
0.1806896551724138,0.698421052631579
0.1806896551724138,0.7136842105263157
0.1806896551724138,0.745263157894737
0.1806896551724138,0.7657894736842105
0.21482758620689657,0.7278947368421053
0.21482758620689657,0.7431578947368421
0.21482758620689657,0.7473684210526315
0.21482758620689657,0.7436842105263157
0.21482758620689657,0.743157894736842
0.21482758620689657,0.7426315789473683
0.21482758620689657,0.7363157894736843
0.21482758620689657,0.7105263157894737
0.21482758620689657,0.7157894736842105
0.21482758620689657,0.7578947368421052
0.21482758620689657,0.7326315789473685
0.21482758620689657,0.7421052631578948
0.21482758620689657,0.7510526315789474
0.21482758620689657,0.7294736842105263
0.21482758620689657,0.7236842105263157
0.21482758620689657,0.748421052631579
0.21482758620689657,0.7063157894736841
0.21482758620689657,0.7642105263157896
0.21482758620689657,0.7178947368421051
0.21482758620689657,0.7157894736842105
0.21482758620689657,0.7505263157894737
0.21482758620689657,0.75
0.21482758620689657,0.721578947368421
0.21482758620689657,0.7431578947368421
0.21482758620689657,0.7436842105263157
0.21482758620689657,0.7378947368421053
0.21482758620689657,0.7626315789473684
0.21482758620689657,0.7347368421052632
0.21482758620689657,0.7310526315789472
0.21482758620689657,0.7484210526315789
0.21482758620689657,0.7126315789473684
0.21482758620689657,0.7178947368421051
0.21482758620689657,0.7326315789473685
0.21482758620689657,0.7605263157894737
0.21482758620689657,0.754736842105263
0.21482758620689657,0.7105263157894737
0.21482758620689657,0.7247368421052631
0.21482758620689657,0.7463157894736842
0.21482758620689657,0.7578947368421052
0.21482758620689657,0.7578947368421052
0.21482758620689657,0.7384210526315791
0.21482758620689657,0.738421052631579
0.21482758620689657,0.7315789473684211
0.21482758620689657,0.7463157894736842
0.21482758620689657,0.754736842105263
0.21482758620689657,0.75
0.21482758620689657,0.7257894736842105
0.21482758620689657,0.6915789473684211
0.21482758620689657,0.7452631578947367
0.21482758620689657,0.7805263157894737
0.24896551724137933,0.741578947368421
0.24896551724137933,0.7442105263157894
0.24896551724137933,0.751578947368421
0.24896551724137933,0.7636842105263157
0.24896551724137933,0.7589473684210525
0.24896551724137933,0.7742105263157895
0.24896551724137933,0.7478947368421053
0.24896551724137933,0.7321052631578947
0.24896551724137933,0.7378947368421052
0.24896551724137933,0.7436842105263158
0.24896551724137933,0.7421052631578946
0.24896551724137933,0.7326315789473684
0.24896551724137933,0.7352631578947368
0.24896551724137933,0.7405263157894737
0.24896551724137933,0.7489473684210525
0.24896551724137933,0.7473684210526316
0.24896551724137933,0.7336842105263158
0.24896551724137933,0.7573684210526316
0.24896551724137933,0.7163157894736842
0.24896551724137933,0.7405263157894736
0.24896551724137933,0.7378947368421053
0.24896551724137933,0.7694736842105263
0.24896551724137933,0.7405263157894737
0.24896551724137933,0.7278947368421053
0.24896551724137933,0.7668421052631579
0.24896551724137933,0.7184210526315788
0.24896551724137933,0.76
0.24896551724137933,0.7657894736842105
0.24896551724137933,0.7747368421052632
0.24896551724137933,0.736842105263158
0.24896551724137933,0.7005263157894737
0.24896551724137933,0.7242105263157893
0.24896551724137933,0.7452631578947367
0.24896551724137933,0.7310526315789472
0.24896551724137933,0.7468421052631579
0.24896551724137933,0.7442105263157894
0.24896551724137933,0.7378947368421053
0.24896551724137933,0.7557894736842105
0.24896551724137933,0.7305263157894737
0.24896551724137933,0.753157894736842
0.24896551724137933,0.7184210526315791
0.24896551724137933,0.7263157894736841
0.24896551724137933,0.7163157894736842
0.24896551724137933,0.7521052631578947
0.24896551724137933,0.7447368421052631
0.24896551724137933,0.7289473684210527
0.24896551724137933,0.7326315789473685
0.24896551724137933,0.728421052631579
0.24896551724137933,0.7642105263157895
0.24896551724137933,0.7868421052631578
0.2831034482758621,0.7494736842105263
0.2831034482758621,0.7352631578947368
0.2831034482758621,0.7647368421052632
0.2831034482758621,0.7231578947368422
0.2831034482758621,0.7557894736842105
0.2831034482758621,0.7836842105263158
0.2831034482758621,0.7394736842105263
0.2831034482758621,0.7410526315789473
0.2831034482758621,0.7310526315789473
0.2831034482758621,0.7573684210526317
0.2831034482758621,0.7752631578947369
0.2831034482758621,0.7221052631578947
0.2831034482758621,0.7568421052631579
0.2831034482758621,0.7468421052631579
0.2831034482758621,0.7310526315789474
0.2831034482758621,0.738421052631579
0.2831034482758621,0.7078947368421054
0.2831034482758621,0.76
0.2831034482758621,0.7110526315789475
0.2831034482758621,0.7547368421052632
0.2831034482758621,0.7421052631578948
0.2831034482758621,0.7426315789473683
0.2831034482758621,0.7452631578947368
0.2831034482758621,0.7421052631578947
0.2831034482758621,0.7710526315789474
0.2831034482758621,0.7236842105263157
0.2831034482758621,0.7673684210526315
0.2831034482758621,0.7510526315789474
0.2831034482758621,0.7557894736842106
0.2831034482758621,0.7594736842105263
0.2831034482758621,0.7173684210526315
0.2831034482758621,0.7342105263157895
0.2831034482758621,0.7663157894736843
0.2831034482758621,0.7321052631578946
0.2831034482758621,0.7526315789473685
0.2831034482758621,0.7336842105263157
0.2831034482758621,0.7568421052631579
0.2831034482758621,0.7657894736842105
0.2831034482758621,0.7373684210526316
0.2831034482758621,0.7542105263157894
0.2831034482758621,0.7573684210526317
0.2831034482758621,0.7426315789473684
0.2831034482758621,0.7621052631578947
0.2831034482758621,0.7489473684210526
0.2831034482758621,0.7573684210526316
0.2831034482758621,0.7626315789473683
0.2831034482758621,0.7236842105263157
0.2831034482758621,0.7247368421052631
0.2831034482758621,0.7757894736842105
0.2831034482758621,0.7778947368421052
0.31724137931034485,0.751578947368421
0.31724137931034485,0.7505263157894737
0.31724137931034485,0.7663157894736841
0.31724137931034485,0.7547368421052632
0.31724137931034485,0.7657894736842106
0.31724137931034485,0.7810526315789473
0.31724137931034485,0.7810526315789474
0.31724137931034485,0.7589473684210526
0.31724137931034485,0.7468421052631579
0.31724137931034485,0.7547368421052632
0.31724137931034485,0.7831578947368422
0.31724137931034485,0.7368421052631579
0.31724137931034485,0.7936842105263158
0.31724137931034485,0.7494736842105263
0.31724137931034485,0.7736842105263158
0.31724137931034485,0.7421052631578947
0.31724137931034485,0.7405263157894737
0.31724137931034485,0.7684210526315789
0.31724137931034485,0.7047368421052631
0.31724137931034485,0.7215789473684211
0.31724137931034485,0.7273684210526314
0.31724137931034485,0.748421052631579
0.31724137931034485,0.7310526315789474
0.31724137931034485,0.7647368421052632
0.31724137931034485,0.7957894736842106
0.31724137931034485,0.7473684210526315
0.31724137931034485,0.7657894736842106
0.31724137931034485,0.7436842105263157
0.31724137931034485,0.7431578947368421
0.31724137931034485,0.7568421052631579
0.31724137931034485,0.7168421052631578
0.31724137931034485,0.7273684210526316
0.31724137931034485,0.7621052631578947
0.31724137931034485,0.7389473684210526
0.31724137931034485,0.7526315789473684
0.31724137931034485,0.7289473684210526
0.31724137931034485,0.7321052631578946
0.31724137931034485,0.7494736842105263
0.31724137931034485,0.7610526315789474
0.31724137931034485,0.751578947368421
0.31724137931034485,0.7415789473684211
0.31724137931034485,0.7194736842105264
0.31724137931034485,0.7410526315789474
0.31724137931034485,0.7563157894736843
0.31724137931034485,0.7436842105263158
0.31724137931034485,0.751578947368421
0.31724137931034485,0.7289473684210527
0.31724137931034485,0.7463157894736842
0.31724137931034485,0.7768421052631579
0.31724137931034485,0.7694736842105263
0.3513793103448276,0.7294736842105263
0.3513793103448276,0.7405263157894737
0.3513793103448276,0.7563157894736843
0.3513793103448276,0.738421052631579
0.3513793103448276,0.7678947368421053
0.3513793103448276,0.7799999999999998
0.3513793103448276,0.7689473684210526
0.3513793103448276,0.78
0.3513793103448276,0.7431578947368421
0.3513793103448276,0.7810526315789474
0.3513793103448276,0.781578947368421
0.3513793103448276,0.7484210526315789
0.3513793103448276,0.7673684210526316
0.3513793103448276,0.7657894736842106
0.3513793103448276,0.7531578947368422
0.3513793103448276,0.7421052631578948
0.3513793103448276,0.7363157894736843
0.3513793103448276,0.791578947368421
0.3513793103448276,0.7436842105263157
0.3513793103448276,0.734736842105263
0.3513793103448276,0.7678947368421052
0.3513793103448276,0.7621052631578948
0.3513793103448276,0.726842105263158
0.3513793103448276,0.7431578947368419
0.3513793103448276,0.7736842105263158
0.3513793103448276,0.7500000000000001
0.3513793103448276,0.7926315789473684
0.3513793103448276,0.7663157894736842
0.3513793103448276,0.7626315789473683
0.3513793103448276,0.763157894736842
0.3513793103448276,0.7284210526315789
0.3513793103448276,0.7278947368421053
0.3513793103448276,0.7568421052631578
0.3513793103448276,0.7594736842105263
0.3513793103448276,0.7584210526315789
0.3513793103448276,0.7405263157894737
0.3513793103448276,0.7436842105263158
0.3513793103448276,0.806842105263158
0.3513793103448276,0.7763157894736842
0.3513793103448276,0.7636842105263157
0.3513793103448276,0.7657894736842106
0.3513793103448276,0.7673684210526316
0.3513793103448276,0.7721052631578946
0.3513793103448276,0.7631578947368423
0.3513793103448276,0.7557894736842105
0.3513793103448276,0.778421052631579
0.3513793103448276,0.7421052631578946
0.3513793103448276,0.7457894736842106
0.3513793103448276,0.7736842105263158
0.3513793103448276,0.7794736842105263
0.38551724137931037,0.7757894736842105
0.38551724137931037,0.7505263157894737
0.38551724137931037,0.7884210526315789
0.38551724137931037,0.7789473684210527
0.38551724137931037,0.7652631578947368
0.38551724137931037,0.7952631578947369
0.38551724137931037,0.7857894736842106
0.38551724137931037,0.8000000000000002
0.38551724137931037,0.7821052631578947
0.38551724137931037,0.766842105263158
0.38551724137931037,0.7842105263157894
0.38551724137931037,0.7684210526315789
0.38551724137931037,0.7799999999999999
0.38551724137931037,0.7547368421052632
0.38551724137931037,0.7836842105263158
0.38551724137931037,0.7684210526315789
0.38551724137931037,0.7368421052631579
0.38551724137931037,0.7794736842105262
0.38551724137931037,0.7515789473684211
0.38551724137931037,0.7478947368421053
0.38551724137931037,0.7663157894736843
0.38551724137931037,0.7794736842105263
0.38551724137931037,0.761578947368421
0.38551724137931037,0.7594736842105262
0.38551724137931037,0.7994736842105262
0.38551724137931037,0.7457894736842104
0.38551724137931037,0.7631578947368421
0.38551724137931037,0.7794736842105263
0.38551724137931037,0.7563157894736842
0.38551724137931037,0.7578947368421053
0.38551724137931037,0.7463157894736842
0.38551724137931037,0.7263157894736842
0.38551724137931037,0.773157894736842
0.38551724137931037,0.7542105263157896
0.38551724137931037,0.7789473684210527
0.38551724137931037,0.7405263157894737
0.38551724137931037,0.788421052631579
0.38551724137931037,0.7773684210526316
0.38551724137931037,0.783157894736842
0.38551724137931037,0.7873684210526315
0.38551724137931037,0.7594736842105263
0.38551724137931037,0.7705263157894738
0.38551724137931037,0.7773684210526315
0.38551724137931037,0.7878947368421053
0.38551724137931037,0.7826315789473683
0.38551724137931037,0.7705263157894736
0.38551724137931037,0.7536842105263158
0.38551724137931037,0.7547368421052632
0.38551724137931037,0.7994736842105263
0.38551724137931037,0.8094736842105263
0.41965517241379313,0.7594736842105264
0.41965517241379313,0.7626315789473683
0.41965517241379313,0.7852631578947369
0.41965517241379313,0.7894736842105263
0.41965517241379313,0.7673684210526316
0.41965517241379313,0.8152631578947369
0.41965517241379313,0.7878947368421054
0.41965517241379313,0.783157894736842
0.41965517241379313,0.7815789473684209
0.41965517241379313,0.7926315789473685
0.41965517241379313,0.82
0.41965517241379313,0.7536842105263158
0.41965517241379313,0.8010526315789473
0.41965517241379313,0.7757894736842104
0.41965517241379313,0.761578947368421
0.41965517241379313,0.7657894736842105
0.41965517241379313,0.7431578947368421
0.41965517241379313,0.7894736842105263
0.41965517241379313,0.7689473684210527
0.41965517241379313,0.7505263157894736
0.41965517241379313,0.7721052631578946
0.41965517241379313,0.7968421052631578
0.41965517241379313,0.7847368421052632
0.41965517241379313,0.7810526315789474
0.41965517241379313,0.8226315789473684
0.41965517241379313,0.7621052631578948
0.41965517241379313,0.8015789473684212
0.41965517241379313,0.7626315789473683
0.41965517241379313,0.7621052631578947
0.41965517241379313,0.7757894736842105
0.41965517241379313,0.7478947368421053
0.41965517241379313,0.7368421052631579
0.41965517241379313,0.7952631578947368
0.41965517241379313,0.7673684210526316
0.41965517241379313,0.7921052631578946
0.41965517241379313,0.7636842105263157
0.41965517241379313,0.761578947368421
0.41965517241379313,0.7905263157894737
0.41965517241379313,0.7868421052631579
0.41965517241379313,0.7821052631578947
0.41965517241379313,0.7778947368421052
0.41965517241379313,0.7773684210526316
0.41965517241379313,0.7831578947368422
0.41965517241379313,0.786842105263158
0.41965517241379313,0.8084210526315788
0.41965517241379313,0.7973684210526316
0.41965517241379313,0.7673684210526316
0.41965517241379313,0.7563157894736843
0.41965517241379313,0.7889473684210525
0.41965517241379313,0.8436842105263157
0.4537931034482759,0.7547368421052632
0.4537931034482759,0.768421052631579
0.4537931034482759,0.8115789473684212
0.4537931034482759,0.8010526315789473
0.4537931034482759,0.7542105263157894
0.4537931034482759,0.8089473684210526
0.4537931034482759,0.7978947368421053
0.4537931034482759,0.8021052631578949
0.4537931034482759,0.768421052631579
0.4537931034482759,0.7915789473684212
0.4537931034482759,0.7942105263157895
0.4537931034482759,0.7710526315789474
0.4537931034482759,0.7931578947368421
0.4537931034482759,0.7721052631578946
0.4537931034482759,0.7673684210526316
0.4537931034482759,0.7773684210526316
0.4537931034482759,0.7726315789473684
0.4537931034482759,0.8036842105263158
0.4537931034482759,0.7668421052631579
0.4537931034482759,0.7510526315789473
0.4537931034482759,0.7747368421052631
0.4537931034482759,0.7910526315789473
0.4537931034482759,0.7647368421052633
0.4537931034482759,0.7863157894736842
0.4537931034482759,0.8352631578947369
0.4537931034482759,0.7742105263157895
0.4537931034482759,0.7868421052631579
0.4537931034482759,0.8052631578947368
0.4537931034482759,0.77
0.4537931034482759,0.8163157894736841
0.4537931034482759,0.7515789473684211
0.4537931034482759,0.7657894736842106
0.4537931034482759,0.7926315789473684
0.4537931034482759,0.7821052631578949
0.4537931034482759,0.8005263157894736
0.4537931034482759,0.7821052631578947
0.4537931034482759,0.7821052631578947
0.4537931034482759,0.7968421052631579
0.4537931034482759,0.7889473684210526
0.4537931034482759,0.7899999999999999
0.4537931034482759,0.7773684210526315
0.4537931034482759,0.7721052631578946
0.4537931034482759,0.7968421052631579
0.4537931034482759,0.7936842105263158
0.4537931034482759,0.7994736842105263
0.4537931034482759,0.7942105263157895
0.4537931034482759,0.7763157894736843
0.4537931034482759,0.7700000000000001
0.4537931034482759,0.7978947368421052
0.4537931034482759,0.8336842105263157
0.48793103448275865,0.7984210526315789
0.48793103448275865,0.7852631578947368
0.48793103448275865,0.8089473684210526
0.48793103448275865,0.8147368421052633
0.48793103448275865,0.7831578947368419
0.48793103448275865,0.8063157894736841
0.48793103448275865,0.8184210526315792
0.48793103448275865,0.8268421052631579
0.48793103448275865,0.7763157894736843
0.48793103448275865,0.7773684210526316
0.48793103448275865,0.8178947368421052
0.48793103448275865,0.8010526315789473
0.48793103448275865,0.8121052631578948
0.48793103448275865,0.7768421052631578
0.48793103448275865,0.7810526315789473
0.48793103448275865,0.7889473684210525
0.48793103448275865,0.7747368421052632
0.48793103448275865,0.8242105263157894
0.48793103448275865,0.7836842105263158
0.48793103448275865,0.7773684210526316
0.48793103448275865,0.7857894736842106
0.48793103448275865,0.7736842105263158
0.48793103448275865,0.773157894736842
0.48793103448275865,0.7810526315789472
0.48793103448275865,0.8357894736842105
0.48793103448275865,0.77
0.48793103448275865,0.8
0.48793103448275865,0.7805263157894736
0.48793103448275865,0.7784210526315788
0.48793103448275865,0.7947368421052633
0.48793103448275865,0.7394736842105264
0.48793103448275865,0.773157894736842
0.48793103448275865,0.786842105263158
0.48793103448275865,0.7873684210526315
0.48793103448275865,0.7905263157894737
0.48793103448275865,0.7968421052631578
0.48793103448275865,0.7926315789473685
0.48793103448275865,0.8052631578947368
0.48793103448275865,0.8052631578947368
0.48793103448275865,0.7921052631578948
0.48793103448275865,0.77
0.48793103448275865,0.7836842105263158
0.48793103448275865,0.8363157894736842
0.48793103448275865,0.8110526315789472
0.48793103448275865,0.8021052631578949
0.48793103448275865,0.7921052631578948
0.48793103448275865,0.7789473684210526
0.48793103448275865,0.7794736842105262
0.48793103448275865,0.801578947368421
0.48793103448275865,0.8326315789473686
0.5220689655172415,0.7936842105263159
0.5220689655172415,0.7857894736842106
0.5220689655172415,0.7905263157894737
0.5220689655172415,0.827894736842105
0.5220689655172415,0.7899999999999999
0.5220689655172415,0.8326315789473684
0.5220689655172415,0.8273684210526315
0.5220689655172415,0.8147368421052631
0.5220689655172415,0.8178947368421052
0.5220689655172415,0.8268421052631579
0.5220689655172415,0.8026315789473684
0.5220689655172415,0.8042105263157895
0.5220689655172415,0.8126315789473683
0.5220689655172415,0.7963157894736842
0.5220689655172415,0.8026315789473685
0.5220689655172415,0.7657894736842106
0.5220689655172415,0.7605263157894737
0.5220689655172415,0.8236842105263158
0.5220689655172415,0.8026315789473685
0.5220689655172415,0.7900000000000001
0.5220689655172415,0.8021052631578947
0.5220689655172415,0.8036842105263158
0.5220689655172415,0.788421052631579
0.5220689655172415,0.7836842105263158
0.5220689655172415,0.8426315789473685
0.5220689655172415,0.8163157894736843
0.5220689655172415,0.8247368421052631
0.5220689655172415,0.7963157894736843
0.5220689655172415,0.7952631578947368
0.5220689655172415,0.8142105263157896
0.5220689655172415,0.7573684210526316
0.5220689655172415,0.7789473684210527
0.5220689655172415,0.8200000000000001
0.5220689655172415,0.7773684210526316
0.5220689655172415,0.8052631578947368
0.5220689655172415,0.7778947368421052
0.5220689655172415,0.7984210526315789
0.5220689655172415,0.8099999999999999
0.5220689655172415,0.8189473684210528
0.5220689655172415,0.8031578947368422
0.5220689655172415,0.7784210526315789
0.5220689655172415,0.8068421052631578
0.5220689655172415,0.8252631578947369
0.5220689655172415,0.8221052631578948
0.5220689655172415,0.7989473684210525
0.5220689655172415,0.8263157894736842
0.5220689655172415,0.79
0.5220689655172415,0.7689473684210527
0.5220689655172415,0.8042105263157895
0.5220689655172415,0.8415789473684212
0.5562068965517242,0.7878947368421054
0.5562068965517242,0.801578947368421
0.5562068965517242,0.8210526315789475
0.5562068965517242,0.8289473684210528
0.5562068965517242,0.7878947368421052
0.5562068965517242,0.8394736842105264
0.5562068965517242,0.8052631578947368
0.5562068965517242,0.8421052631578947
0.5562068965517242,0.8168421052631579
0.5562068965517242,0.8478947368421054
0.5562068965517242,0.8363157894736842
0.5562068965517242,0.7810526315789473
0.5562068965517242,0.8310526315789474
0.5562068965517242,0.8036842105263158
0.5562068965517242,0.8194736842105262
0.5562068965517242,0.8063157894736843
0.5562068965517242,0.7910526315789476
0.5562068965517242,0.8494736842105264
0.5562068965517242,0.7757894736842107
0.5562068965517242,0.7773684210526316
0.5562068965517242,0.8121052631578948
0.5562068965517242,0.8063157894736841
0.5562068965517242,0.7821052631578947
0.5562068965517242,0.8010526315789473
0.5562068965517242,0.8489473684210527
0.5562068965517242,0.8089473684210526
0.5562068965517242,0.8168421052631579
0.5562068965517242,0.8057894736842105
0.5562068965517242,0.8021052631578947
0.5562068965517242,0.8189473684210524
0.5562068965517242,0.7805263157894736
0.5562068965517242,0.7942105263157895
0.5562068965517242,0.8136842105263158
0.5562068965517242,0.7957894736842106
0.5562068965517242,0.8178947368421052
0.5562068965517242,0.7884210526315789
0.5562068965517242,0.8157894736842104
0.5562068965517242,0.8357894736842105
0.5562068965517242,0.8394736842105261
0.5562068965517242,0.8273684210526315
0.5562068965517242,0.7947368421052632
0.5562068965517242,0.8094736842105263
0.5562068965517242,0.8173684210526314
0.5562068965517242,0.8142105263157895
0.5562068965517242,0.8236842105263159
0.5562068965517242,0.8368421052631578
0.5562068965517242,0.8105263157894737
0.5562068965517242,0.7910526315789473
0.5562068965517242,0.8247368421052631
0.5562068965517242,0.8389473684210527
0.5903448275862069,0.8263157894736842
0.5903448275862069,0.7889473684210526
0.5903448275862069,0.8405263157894737
0.5903448275862069,0.8731578947368422
0.5903448275862069,0.778421052631579
0.5903448275862069,0.8321052631578947
0.5903448275862069,0.811578947368421
0.5903448275862069,0.8473684210526317
0.5903448275862069,0.8326315789473684
0.5903448275862069,0.8347368421052632
0.5903448275862069,0.8157894736842106
0.5903448275862069,0.8331578947368422
0.5903448275862069,0.8468421052631578
0.5903448275862069,0.8294736842105263
0.5903448275862069,0.801578947368421
0.5903448275862069,0.7952631578947369
0.5903448275862069,0.8010526315789475
0.5903448275862069,0.8331578947368421
0.5903448275862069,0.8168421052631578
0.5903448275862069,0.8036842105263158
0.5903448275862069,0.8284210526315791
0.5903448275862069,0.8373684210526315
0.5903448275862069,0.8031578947368422
0.5903448275862069,0.8042105263157895
0.5903448275862069,0.8494736842105264
0.5903448275862069,0.8242105263157894
0.5903448275862069,0.8368421052631578
0.5903448275862069,0.8152631578947369
0.5903448275862069,0.8105263157894737
0.5903448275862069,0.8157894736842104
0.5903448275862069,0.7805263157894736
0.5903448275862069,0.7899999999999999
0.5903448275862069,0.8178947368421052
0.5903448275862069,0.8278947368421052
0.5903448275862069,0.82
0.5903448275862069,0.8036842105263157
0.5903448275862069,0.8342105263157895
0.5903448275862069,0.8326315789473684
0.5903448275862069,0.8236842105263158
0.5903448275862069,0.8300000000000001
0.5903448275862069,0.803157894736842
0.5903448275862069,0.8268421052631579
0.5903448275862069,0.8352631578947367
0.5903448275862069,0.8426315789473684
0.5903448275862069,0.801578947368421
0.5903448275862069,0.8247368421052632
0.5903448275862069,0.8005263157894736
0.5903448275862069,0.8247368421052631
0.5903448275862069,0.8194736842105262
0.5903448275862069,0.8494736842105262
0.6244827586206897,0.8278947368421052
0.6244827586206897,0.8189473684210526
0.6244827586206897,0.8605263157894738
0.6244827586206897,0.8578947368421052
0.6244827586206897,0.82
0.6244827586206897,0.8368421052631578
0.6244827586206897,0.8147368421052631
0.6244827586206897,0.8557894736842104
0.6244827586206897,0.8289473684210525
0.6244827586206897,0.8415789473684212
0.6244827586206897,0.8405263157894736
0.6244827586206897,0.8342105263157894
0.6244827586206897,0.8400000000000001
0.6244827586206897,0.8263157894736841
0.6244827586206897,0.8089473684210526
0.6244827586206897,0.8094736842105263
0.6244827586206897,0.7989473684210526
0.6244827586206897,0.8305263157894736
0.6244827586206897,0.8257894736842106
0.6244827586206897,0.8173684210526316
0.6244827586206897,0.8252631578947367
0.6244827586206897,0.8542105263157895
0.6244827586206897,0.8084210526315789
0.6244827586206897,0.8305263157894738
0.6244827586206897,0.858421052631579
0.6244827586206897,0.8189473684210526
0.6244827586206897,0.8305263157894736
0.6244827586206897,0.801578947368421
0.6244827586206897,0.8173684210526316
0.6244827586206897,0.8273684210526315
0.6244827586206897,0.7642105263157893
0.6244827586206897,0.8321052631578947
0.6244827586206897,0.8352631578947367
0.6244827586206897,0.8205263157894735
0.6244827586206897,0.8210526315789475
0.6244827586206897,0.8342105263157894
0.6244827586206897,0.8105263157894737
0.6244827586206897,0.8431578947368422
0.6244827586206897,0.8494736842105262
0.6244827586206897,0.8063157894736843
0.6244827586206897,0.8126315789473685
0.6244827586206897,0.8389473684210527
0.6244827586206897,0.8378947368421052
0.6244827586206897,0.8447368421052633
0.6244827586206897,0.851578947368421
0.6244827586206897,0.8526315789473685
0.6244827586206897,0.8268421052631579
0.6244827586206897,0.8115789473684212
0.6244827586206897,0.8521052631578947
0.6244827586206897,0.8636842105263156
0.6586206896551725,0.8378947368421052
0.6586206896551725,0.8299999999999998
0.6586206896551725,0.8573684210526317
0.6586206896551725,0.8610526315789473
0.6586206896551725,0.8347368421052632
0.6586206896551725,0.8689473684210526
0.6586206896551725,0.8405263157894737
0.6586206896551725,0.868421052631579
0.6586206896551725,0.8342105263157894
0.6586206896551725,0.8457894736842105
0.6586206896551725,0.866842105263158
0.6586206896551725,0.8321052631578949
0.6586206896551725,0.8636842105263156
0.6586206896551725,0.8489473684210525
0.6586206896551725,0.8452631578947367
0.6586206896551725,0.8342105263157895
0.6586206896551725,0.8089473684210526
0.6586206896551725,0.8405263157894736
0.6586206896551725,0.8089473684210526
0.6586206896551725,0.8084210526315789
0.6586206896551725,0.8231578947368421
0.6586206896551725,0.8442105263157895
0.6586206896551725,0.8368421052631578
0.6586206896551725,0.8263157894736841
0.6586206896551725,0.8457894736842105
0.6586206896551725,0.8263157894736841
0.6586206896551725,0.8363157894736842
0.6586206896551725,0.8200000000000001
0.6586206896551725,0.8099999999999999
0.6586206896551725,0.8542105263157895
0.6586206896551725,0.7963157894736842
0.6586206896551725,0.7921052631578948
0.6586206896551725,0.8626315789473684
0.6586206896551725,0.8115789473684212
0.6586206896551725,0.8200000000000001
0.6586206896551725,0.8210526315789473
0.6586206896551725,0.8268421052631577
0.6586206896551725,0.8642105263157894
0.6586206896551725,0.8731578947368422
0.6586206896551725,0.8178947368421052
0.6586206896551725,0.8036842105263157
0.6586206896551725,0.8278947368421052
0.6586206896551725,0.8631578947368423
0.6586206896551725,0.8652631578947367
0.6586206896551725,0.8405263157894737
0.6586206896551725,0.8352631578947369
0.6586206896551725,0.8394736842105261
0.6586206896551725,0.8384210526315788
0.6586206896551725,0.8605263157894736
0.6586206896551725,0.8684210526315788
0.6927586206896552,0.8221052631578948
0.6927586206896552,0.8357894736842104
0.6927586206896552,0.8657894736842104
0.6927586206896552,0.8800000000000001
0.6927586206896552,0.8336842105263157
0.6927586206896552,0.8636842105263158
0.6927586206896552,0.8736842105263157
0.6927586206896552,0.8736842105263157
0.6927586206896552,0.8468421052631578
0.6927586206896552,0.8536842105263158
0.6927586206896552,0.8605263157894738
0.6927586206896552,0.853157894736842
0.6927586206896552,0.8542105263157896
0.6927586206896552,0.8352631578947367
0.6927586206896552,0.8478947368421054
0.6927586206896552,0.8168421052631579
0.6927586206896552,0.8263157894736841
0.6927586206896552,0.8347368421052632
0.6927586206896552,0.8321052631578947
0.6927586206896552,0.8242105263157894
0.6927586206896552,0.8478947368421054
0.6927586206896552,0.861578947368421
0.6927586206896552,0.8315789473684211
0.6927586206896552,0.8078947368421053
0.6927586206896552,0.8721052631578946
0.6927586206896552,0.8478947368421051
0.6927586206896552,0.8494736842105264
0.6927586206896552,0.8157894736842104
0.6927586206896552,0.8157894736842106
0.6927586206896552,0.8589473684210525
0.6927586206896552,0.8278947368421052
0.6927586206896552,0.8421052631578947
0.6927586206896552,0.8742105263157894
0.6927586206896552,0.8452631578947368
0.6927586206896552,0.8405263157894737
0.6927586206896552,0.8278947368421052
0.6927586206896552,0.86
0.6927586206896552,0.8826315789473685
0.6927586206896552,0.8757894736842106
0.6927586206896552,0.8710526315789474
0.6927586206896552,0.8668421052631577
0.6927586206896552,0.8431578947368422
0.6927586206896552,0.8578947368421053
0.6927586206896552,0.8626315789473684
0.6927586206896552,0.8605263157894736
0.6927586206896552,0.8684210526315788
0.6927586206896552,0.8463157894736841
0.6927586206896552,0.8478947368421051
0.6927586206896552,0.844736842105263
0.6927586206896552,0.8784210526315789
0.7268965517241379,0.8510526315789475
0.7268965517241379,0.8484210526315792
0.7268965517241379,0.8710526315789473
0.7268965517241379,0.8784210526315791
0.7268965517241379,0.8557894736842104
0.7268965517241379,0.8694736842105264
0.7268965517241379,0.8710526315789474
0.7268965517241379,0.8736842105263157
0.7268965517241379,0.8557894736842104
0.7268965517241379,0.868421052631579
0.7268965517241379,0.8736842105263157
0.7268965517241379,0.868421052631579
0.7268965517241379,0.8626315789473684
0.7268965517241379,0.8705263157894736
0.7268965517241379,0.8531578947368421
0.7268965517241379,0.853157894736842
0.7268965517241379,0.806842105263158
0.7268965517241379,0.874736842105263
0.7268965517241379,0.8478947368421055
0.7268965517241379,0.841578947368421
0.7268965517241379,0.8505263157894737
0.7268965517241379,0.8657894736842107
0.7268965517241379,0.8452631578947368
0.7268965517241379,0.8178947368421052
0.7268965517241379,0.8715789473684211
0.7268965517241379,0.8352631578947369
0.7268965517241379,0.8452631578947368
0.7268965517241379,0.841578947368421
0.7268965517241379,0.8268421052631579
0.7268965517241379,0.8742105263157895
0.7268965517241379,0.8489473684210527
0.7268965517241379,0.8410526315789474
0.7268965517241379,0.8547368421052631
0.7268965517241379,0.8689473684210526
0.7268965517241379,0.8473684210526315
0.7268965517241379,0.8510526315789475
0.7268965517241379,0.8657894736842104
0.7268965517241379,0.8868421052631581
0.7268965517241379,0.8857894736842106
0.7268965517241379,0.8689473684210528
0.7268965517241379,0.8605263157894736
0.7268965517241379,0.8663157894736843
0.7268965517241379,0.8652631578947367
0.7268965517241379,0.8768421052631579
0.7268965517241379,0.8584210526315792
0.7268965517241379,0.8726315789473684
0.7268965517241379,0.8442105263157895
0.7268965517241379,0.8536842105263158
0.7268965517241379,0.8673684210526316
0.7268965517241379,0.8810526315789472
0.7610344827586207,0.8542105263157896
0.7610344827586207,0.8589473684210527
0.7610344827586207,0.8768421052631578
0.7610344827586207,0.8800000000000001
0.7610344827586207,0.8631578947368419
0.7610344827586207,0.8594736842105263
0.7610344827586207,0.8778947368421053
0.7610344827586207,0.8668421052631577
0.7610344827586207,0.868421052631579
0.7610344827586207,0.8721052631578947
0.7610344827586207,0.8721052631578946
0.7610344827586207,0.8742105263157895
0.7610344827586207,0.8768421052631579
0.7610344827586207,0.8642105263157894
0.7610344827586207,0.8610526315789473
0.7610344827586207,0.8526315789473685
0.7610344827586207,0.8594736842105263
0.7610344827586207,0.8784210526315789
0.7610344827586207,0.8510526315789473
0.7610344827586207,0.855263157894737
0.7610344827586207,0.8589473684210527
0.7610344827586207,0.8857894736842106
0.7610344827586207,0.8426315789473685
0.7610344827586207,0.8584210526315788
0.7610344827586207,0.8826315789473685
0.7610344827586207,0.85
0.7610344827586207,0.8626315789473683
0.7610344827586207,0.8742105263157894
0.7610344827586207,0.853157894736842
0.7610344827586207,0.8605263157894738
0.7610344827586207,0.8742105263157895
0.7610344827586207,0.8594736842105263
0.7610344827586207,0.8794736842105264
0.7610344827586207,0.834736842105263
0.7610344827586207,0.8584210526315792
0.7610344827586207,0.8663157894736842
0.7610344827586207,0.8363157894736843
0.7610344827586207,0.8863157894736841
0.7610344827586207,0.8926315789473683
0.7610344827586207,0.876315789473684
0.7610344827586207,0.8473684210526315
0.7610344827586207,0.8736842105263157
0.7610344827586207,0.8621052631578948
0.7610344827586207,0.8800000000000001
0.7610344827586207,0.8705263157894738
0.7610344827586207,0.8742105263157894
0.7610344827586207,0.8468421052631578
0.7610344827586207,0.8778947368421054
0.7610344827586207,0.8699999999999999
0.7610344827586207,0.8894736842105264
0.7951724137931035,0.8399999999999999
0.7951724137931035,0.8699999999999999
0.7951724137931035,0.884736842105263
0.7951724137931035,0.8900000000000002
0.7951724137931035,0.8578947368421053
0.7951724137931035,0.8773684210526316
0.7951724137931035,0.8863157894736842
0.7951724137931035,0.8926315789473686
0.7951724137931035,0.8836842105263158
0.7951724137931035,0.8836842105263157
0.7951724137931035,0.8852631578947369
0.7951724137931035,0.8747368421052633
0.7951724137931035,0.8836842105263157
0.7951724137931035,0.8778947368421053
0.7951724137931035,0.8726315789473684
0.7951724137931035,0.8689473684210526
0.7951724137931035,0.8436842105263158
0.7951724137931035,0.8784210526315789
0.7951724137931035,0.8457894736842105
0.7951724137931035,0.8552631578947368
0.7951724137931035,0.8852631578947369
0.7951724137931035,0.8905263157894737
0.7951724137931035,0.8542105263157895
0.7951724137931035,0.8563157894736841
0.7951724137931035,0.8926315789473683
0.7951724137931035,0.8647368421052631
0.7951724137931035,0.8615789473684211
0.7951724137931035,0.8910526315789475
0.7951724137931035,0.8731578947368421
0.7951724137931035,0.8705263157894736
0.7951724137931035,0.8721052631578947
0.7951724137931035,0.8636842105263158
0.7951724137931035,0.8768421052631579
0.7951724137931035,0.858421052631579
0.7951724137931035,0.8610526315789473
0.7951724137931035,0.8657894736842107
0.7951724137931035,0.8631578947368421
0.7951724137931035,0.8894736842105264
0.7951724137931035,0.8868421052631579
0.7951724137931035,0.8757894736842106
0.7951724137931035,0.8657894736842107
0.7951724137931035,0.8778947368421051
0.7951724137931035,0.8721052631578947
0.7951724137931035,0.8799999999999999
0.7951724137931035,0.8694736842105264
0.7951724137931035,0.8836842105263158
0.7951724137931035,0.8684210526315791
0.7951724137931035,0.8857894736842106
0.7951724137931035,0.8810526315789474
0.7951724137931035,0.8936842105263159
0.8293103448275863,0.8663157894736842
0.8293103448275863,0.8789473684210526
0.8293103448275863,0.8863157894736842
0.8293103448275863,0.8921052631578948
0.8293103448275863,0.8663157894736842
0.8293103448275863,0.8805263157894739
0.8293103448275863,0.8936842105263159
0.8293103448275863,0.8910526315789473
0.8293103448275863,0.8805263157894737
0.8293103448275863,0.8926315789473686
0.8293103448275863,0.881578947368421
0.8293103448275863,0.881578947368421
0.8293103448275863,0.8926315789473683
0.8293103448275863,0.8821052631578947
0.8293103448275863,0.8700000000000001
0.8293103448275863,0.8810526315789474
0.8293103448275863,0.8752631578947367
0.8293103448275863,0.8805263157894737
0.8293103448275863,0.8836842105263158
0.8293103448275863,0.875263157894737
0.8293103448275863,0.8642105263157894
0.8293103448275863,0.8842105263157893
0.8293103448275863,0.8784210526315789
0.8293103448275863,0.8736842105263156
0.8293103448275863,0.8963157894736842
0.8293103448275863,0.8715789473684209
0.8293103448275863,0.8742105263157895
0.8293103448275863,0.8936842105263159
0.8293103448275863,0.8736842105263157
0.8293103448275863,0.8705263157894738
0.8293103448275863,0.8789473684210527
0.8293103448275863,0.8794736842105262
0.8293103448275863,0.8821052631578947
0.8293103448275863,0.8821052631578947
0.8293103448275863,0.8784210526315789
0.8293103448275863,0.8768421052631578
0.8293103448275863,0.8847368421052633
0.8293103448275863,0.8910526315789475
0.8293103448275863,0.8894736842105264
0.8293103448275863,0.8842105263157893
0.8293103448275863,0.8826315789473684
0.8293103448275863,0.867894736842105
0.8293103448275863,0.884736842105263
0.8293103448275863,0.8863157894736842
0.8293103448275863,0.8757894736842106
0.8293103448275863,0.8789473684210526
0.8293103448275863,0.875263157894737
0.8293103448275863,0.8842105263157893
0.8293103448275863,0.8757894736842106
0.8293103448275863,0.8978947368421053
0.863448275862069,0.861578947368421
0.863448275862069,0.8778947368421053
0.863448275862069,0.8926315789473686
0.863448275862069,0.8936842105263156
0.863448275862069,0.8810526315789474
0.863448275862069,0.8857894736842106
0.863448275862069,0.8910526315789473
0.863448275862069,0.8994736842105263
0.863448275862069,0.8905263157894738
0.863448275862069,0.8884210526315789
0.863448275862069,0.8857894736842106
0.863448275862069,0.891578947368421
0.863448275862069,0.883157894736842
0.863448275862069,0.881578947368421
0.863448275862069,0.8757894736842106
0.863448275862069,0.8705263157894738
0.863448275862069,0.8710526315789474
0.863448275862069,0.8878947368421052
0.863448275862069,0.8889473684210527
0.863448275862069,0.8773684210526314
0.863448275862069,0.8789473684210527
0.863448275862069,0.8936842105263159
0.863448275862069,0.8831578947368423
0.863448275862069,0.882105263157895
0.863448275862069,0.8931578947368422
0.863448275862069,0.888421052631579
0.863448275862069,0.8868421052631577
0.863448275862069,0.8947368421052634
0.863448275862069,0.8847368421052633
0.863448275862069,0.8778947368421053
0.863448275862069,0.8926315789473683
0.863448275862069,0.8768421052631581
0.863448275862069,0.893157894736842
0.863448275862069,0.8778947368421053
0.863448275862069,0.8810526315789472
0.863448275862069,0.8852631578947368
0.863448275862069,0.8789473684210526
0.863448275862069,0.8921052631578947
0.863448275862069,0.8947368421052632
0.863448275862069,0.8905263157894737
0.863448275862069,0.8647368421052631
0.863448275862069,0.8799999999999999
0.863448275862069,0.8773684210526316
0.863448275862069,0.8926315789473683
0.863448275862069,0.8668421052631577
0.863448275862069,0.8852631578947369
0.863448275862069,0.8784210526315789
0.863448275862069,0.8936842105263159
0.863448275862069,0.8905263157894737
0.863448275862069,0.898421052631579
0.8975862068965518,0.8721052631578947
0.8975862068965518,0.89
0.8975862068965518,0.8936842105263159
0.8975862068965518,0.8921052631578947
0.8975862068965518,0.888421052631579
0.8975862068965518,0.8857894736842106
0.8975862068965518,0.8905263157894737
0.8975862068965518,0.8984210526315788
0.8975862068965518,0.8847368421052633
0.8975862068965518,0.8894736842105264
0.8975862068965518,0.8889473684210525
0.8975862068965518,0.8884210526315789
0.8975862068965518,0.8889473684210527
0.8975862068965518,0.8868421052631579
0.8975862068965518,0.884736842105263
0.8975862068965518,0.8821052631578947
0.8975862068965518,0.8878947368421052
0.8975862068965518,0.8873684210526317
0.8975862068965518,0.884736842105263
0.8975862068965518,0.8763157894736843
0.8975862068965518,0.8884210526315789
0.8975862068965518,0.8973684210526315
0.8975862068965518,0.8847368421052634
0.8975862068965518,0.8857894736842106
0.8975862068965518,0.8973684210526317
0.8975862068965518,0.8942105263157896
0.8975862068965518,0.874736842105263
0.8975862068965518,0.8968421052631579
0.8975862068965518,0.8810526315789475
0.8975862068965518,0.8789473684210527
0.8975862068965518,0.8921052631578948
0.8975862068965518,0.881578947368421
0.8975862068965518,0.89
0.8975862068965518,0.8894736842105265
0.8975862068965518,0.8878947368421054
0.8975862068965518,0.8847368421052633
0.8975862068965518,0.8900000000000002
0.8975862068965518,0.8873684210526317
0.8975862068965518,0.8905263157894737
0.8975862068965518,0.8931578947368422
0.8975862068965518,0.8826315789473684
0.8975862068965518,0.8878947368421052
0.8975862068965518,0.8863157894736844
0.8975862068965518,0.8978947368421053
0.8975862068965518,0.8789473684210527
0.8975862068965518,0.8926315789473686
0.8975862068965518,0.8905263157894738
0.8975862068965518,0.8973684210526317
0.8975862068965518,0.8836842105263158
0.8975862068965518,0.9005263157894736
0.9317241379310346,0.8757894736842105
0.9317241379310346,0.8847368421052633
0.9317241379310346,0.898421052631579
0.9317241379310346,0.8905263157894737
0.9317241379310346,0.8910526315789473
0.9317241379310346,0.8857894736842106
0.9317241379310346,0.8973684210526317
0.9317241379310346,0.8926315789473683
0.9317241379310346,0.8931578947368422
0.9317241379310346,0.8926315789473686
0.9317241379310346,0.8910526315789473
0.9317241379310346,0.8931578947368424
0.9317241379310346,0.893157894736842
0.9317241379310346,0.8873684210526316
0.9317241379310346,0.8868421052631579
0.9317241379310346,0.8889473684210525
0.9317241379310346,0.8836842105263158
0.9317241379310346,0.8936842105263159
0.9317241379310346,0.8921052631578947
0.9317241379310346,0.8868421052631581
0.9317241379310346,0.8947368421052632
0.9317241379310346,0.898421052631579
0.9317241379310346,0.8894736842105264
0.9317241379310346,0.8857894736842106
0.9317241379310346,0.8994736842105263
0.9317241379310346,0.8942105263157897
0.9317241379310346,0.8715789473684211
0.9317241379310346,0.8926315789473683
0.9317241379310346,0.8926315789473686
0.9317241379310346,0.8910526315789473
0.9317241379310346,0.8921052631578948
0.9317241379310346,0.8889473684210525
0.9317241379310346,0.8889473684210527
0.9317241379310346,0.8836842105263158
0.9317241379310346,0.8952631578947369
0.9317241379310346,0.8868421052631581
0.9317241379310346,0.8905263157894737
0.9317241379310346,0.8989473684210527
0.9317241379310346,0.8947368421052632
0.9317241379310346,0.8968421052631579
0.9317241379310346,0.8842105263157893
0.9317241379310346,0.8905263157894737
0.9317241379310346,0.8826315789473685
0.9317241379310346,0.8894736842105265
0.9317241379310346,0.8789473684210526
0.9317241379310346,0.8894736842105262
0.9317241379310346,0.8894736842105264
0.9317241379310346,0.8973684210526315
0.9317241379310346,0.8942105263157896
0.9317241379310346,0.891578947368421
0.9658620689655173,0.8789473684210527
0.9658620689655173,0.8905263157894738
0.9658620689655173,0.8910526315789475
0.9658620689655173,0.8936842105263159
0.9658620689655173,0.8936842105263156
0.9658620689655173,0.8900000000000002
0.9658620689655173,0.896842105263158
0.9658620689655173,0.8994736842105263
0.9658620689655173,0.8915789473684212
0.9658620689655173,0.8957894736842105
0.9658620689655173,0.8915789473684212
0.9658620689655173,0.8968421052631579
0.9658620689655173,0.8889473684210525
0.9658620689655173,0.893157894736842
0.9658620689655173,0.8810526315789474
0.9658620689655173,0.891578947368421
0.9658620689655173,0.8884210526315789
0.9658620689655173,0.8910526315789473
0.9658620689655173,0.8921052631578948
0.9658620689655173,0.8963157894736842
0.9658620689655173,0.8921052631578947
0.9658620689655173,0.8989473684210527
0.9658620689655173,0.8821052631578947
0.9658620689655173,0.8889473684210527
0.9658620689655173,0.8994736842105263
0.9658620689655173,0.8942105263157897
0.9658620689655173,0.8931578947368422
0.9658620689655173,0.8957894736842105
0.9658620689655173,0.8942105263157896
0.9658620689655173,0.8800000000000001
0.9658620689655173,0.8915789473684212
0.9658620689655173,0.8921052631578948
0.9658620689655173,0.8926315789473686
0.9658620689655173,0.8910526315789473
0.9658620689655173,0.8989473684210525
0.9658620689655173,0.8857894736842106
0.9658620689655173,0.8905263157894737
0.9658620689655173,0.8931578947368422
0.9658620689655173,0.896842105263158
0.9658620689655173,0.8947368421052632
0.9658620689655173,0.8842105263157896
0.9658620689655173,0.888421052631579
0.9658620689655173,0.8905263157894737
0.9658620689655173,0.8936842105263159
0.9658620689655173,0.8921052631578947
0.9658620689655173,0.8852631578947368
0.9658620689655173,0.8847368421052633
0.9658620689655173,0.8947368421052634
0.9658620689655173,0.8947368421052632
0.9658620689655173,0.9
1.0,0.8763157894736843
1.0,0.8910526315789473
1.0,0.8978947368421053
1.0,0.8889473684210527
1.0,0.8884210526315792
1.0,0.8878947368421054
1.0,0.8947368421052632
1.0,0.9021052631578949
1.0,0.8863157894736844
1.0,0.8894736842105264
1.0,0.8884210526315789
1.0,0.8973684210526317
1.0,0.8963157894736842
1.0,0.8900000000000002
1.0,0.8921052631578947
1.0,0.8842105263157896
1.0,0.8857894736842106
1.0,0.8936842105263159
1.0,0.8894736842105264
1.0,0.8921052631578948
1.0,0.9010526315789475
1.0,0.9000000000000001
1.0,0.8889473684210525
1.0,0.8921052631578948
1.0,0.8999999999999998
1.0,0.8936842105263159
1.0,0.8884210526315789
1.0,0.9
1.0,0.8947368421052632
1.0,0.888421052631579
1.0,0.893157894736842
1.0,0.891578947368421
1.0,0.8873684210526316
1.0,0.8894736842105264
1.0,0.8921052631578948
1.0,0.8926315789473683
1.0,0.8857894736842107
1.0,0.8947368421052632
1.0,0.8963157894736844
1.0,0.8926315789473683
1.0,0.8857894736842106
1.0,0.8921052631578948
1.0,0.8878947368421054
1.0,0.8889473684210525
1.0,0.8863157894736842
1.0,0.8910526315789475
1.0,0.8810526315789474
1.0,0.895263157894737
1.0,0.9005263157894736
1.0,0.9010526315789475
